target,Pclass,Sex,Age,SibSp,Parch,Ticket,Fare,Embarked__C,Embarked__Q,Embarked__S
0.0,1.0,0.0,0.2711736618441457,0.125,0.0,0.10295621191817259,0.014151056909445578,0.0,0.0,1.0
1.0,0.0,1.0,0.4722292034043814,0.125,0.0,0.036471269316794626,0.13913573346777855,1.0,0.0,0.0
1.0,1.0,1.0,0.32143754723420465,0.0,0.0,0.09728598685294872,0.015468569476752568,0.0,0.0,1.0
1.0,0.0,1.0,0.4345312893618372,0.125,0.0,0.03647997729475377,0.10364428969638081,0.0,0.0,1.0
0.0,1.0,0.0,0.4345312893618372,0.0,0.0,0.1202207311153791,0.015712553216570595,0.0,0.0,1.0
0.0,1.0,0.0,0.31888508430424073,0.0,0.0,0.1064901849800281,0.016509500623183078,0.0,1.0,0.0
0.0,0.0,0.0,0.6732847449646171,0.0,0.0,0.0054086218657326554,0.10122885216134092,0.0,0.0,1.0
0.0,1.0,0.0,0.01985423489385113,0.375,0.16666666666666666,0.1126283418881154,0.041135660022477955,0.0,0.0,1.0
1.0,1.0,1.0,0.3340035185817194,0.0,0.3333333333333333,0.11192944602746885,0.0217307530275785,0.0,0.0,1.0
1.0,0.5,1.0,0.17064589106402786,0.125,0.0,0.07645056368031401,0.058694291471457834,1.0,0.0,0.0
1.0,1.0,1.0,0.044986177588880585,0.125,0.16666666666666666,0.09728598685294872,0.032596229128847,0.0,0.0,1.0
1.0,0.0,1.0,0.723548630354676,0.0,0.0,0.03647352694070996,0.05182214484819041,0.0,0.0,1.0
0.0,1.0,0.0,0.24604171914911624,0.0,0.0,0.09728598685294872,0.015712553216570595,0.0,0.0,1.0
0.0,1.0,0.0,0.48479517475189615,0.125,0.8333333333333333,0.11171658434402319,0.061044730957891126,0.0,0.0,1.0
0.0,1.0,1.0,0.17064589106402786,0.0,0.0,0.11278863318610402,0.015330376492345367,0.0,0.0,1.0
1.0,0.5,1.0,0.6858507163121318,0.0,0.0,0.07998858287334247,0.031229918696707482,0.0,0.0,1.0
0.0,1.0,0.0,0.01985423489385113,0.5,0.16666666666666666,0.12318853901093497,0.056848211377600336,0.0,1.0,0.0
1.0,0.5,0.0,0.3739861525085673,0.0,0.0,0.07859111366975156,0.02537430894107483,0.0,0.0,1.0
0.0,1.0,1.0,0.3842674039717783,0.125,0.0,0.11129118349483409,0.035133658533795915,0.0,0.0,1.0
1.0,1.0,1.0,0.17064589106402786,0.0,0.0,0.0006308446254843813,0.014102259975337152,1.0,0.0,0.0
0.0,0.5,0.0,0.4345312893618372,0.0,0.0,0.07713720386827733,0.05074861788214966,0.0,0.0,1.0
1.0,0.5,0.0,0.42196531801432247,0.0,0.0,0.07998600273172495,0.02537430894107483,0.0,0.0,1.0
1.0,1.0,1.0,0.1832118624115426,0.0,0.0,0.10650502079432886,0.015671953169656142,0.0,1.0,0.0
1.0,0.0,0.0,0.3465694899292341,0.0,0.0,0.036475139529220914,0.06929138210831973,0.0,0.0,1.0
0.0,1.0,1.0,0.09525006297893951,0.375,0.16666666666666666,0.1126283418881154,0.041135660022477955,0.0,0.0,1.0
1.0,1.0,1.0,0.4722292034043814,0.125,0.8333333333333333,0.11171497175551225,0.0612643185574652,0.0,0.0,1.0
0.0,1.0,0.0,0.35094853038222756,0.0,0.0,0.0006250393068449545,0.014102259975337152,1.0,0.0,0.0
0.0,0.0,0.0,0.23347574780160152,0.375,0.3333333333333333,0.006210723391080128,0.5133417885771292,0.0,0.0,1.0
1.0,1.0,1.0,0.23347574780160152,0.0,0.0,0.10651663143160772,0.015379173426453794,0.0,1.0,0.0
0.0,1.0,0.0,0.3283488218882624,0.0,0.0,0.11240483712049747,0.01541157472472606,0.0,0.0,1.0
0.0,0.0,0.0,0.49736114609941084,0.0,0.0,0.03589079120580231,0.05410739641829964,1.0,0.0,0.0
1.0,0.0,1.0,0.21462679078032942,0.125,0.0,0.005248330567744037,0.28598953752929773,1.0,0.0,0.0
1.0,1.0,1.0,0.23347574780160152,0.0,0.0,0.10803826995054193,0.015126991868717687,0.0,1.0,0.0
0.0,0.5,0.0,0.8240764011347939,0.0,0.0,0.008873429540363898,0.020494634144714287,0.0,0.0,1.0
0.0,0.0,0.0,0.3465694899292341,0.125,0.0,0.004152092897998939,0.16038671124929443,1.0,0.0,0.0
0.0,0.0,0.0,0.5224930887944403,0.125,0.0,0.036475462046923104,0.10149723576429932,0.0,0.0,1.0
1.0,1.0,0.0,0.35094853038222756,0.0,0.0,0.0006398751211457119,0.014110457793255232,1.0,0.0,0.0
0.0,1.0,0.0,0.258607690496631,0.0,0.0,0.09728598685294872,0.015712553216570595,0.0,0.0,1.0
0.0,1.0,1.0,0.2209097764540868,0.25,0.0,0.11129150601253628,0.035133658533795915,0.0,0.0,1.0
1.0,1.0,1.0,0.17064589106402786,0.125,0.0,0.0006314896608887621,0.02194233639984837,1.0,0.0,0.0
0.0,1.0,1.0,0.49736114609941084,0.125,0.0,0.0022102138131106673,0.018493968222785748,0.0,0.0,1.0
0.0,0.5,1.0,0.3340035185817194,0.125,0.0,0.0035396317815394097,0.040989268289428574,0.0,0.0,1.0
0.0,1.0,0.0,0.3283488218882624,0.0,0.0,0.11241677027547851,0.01541157472472606,1.0,0.0,0.0
1.0,0.5,1.0,0.03242020624136586,0.125,0.3333333333333333,0.07399942914366714,0.08115719117055249,1.0,0.0,0.0
1.0,1.0,1.0,0.23347574780160152,0.0,0.0,0.10651630891390552,0.015379173426453794,0.0,1.0,0.0
0.0,1.0,0.0,0.35094853038222756,0.0,0.0,0.09728598685294872,0.015712553216570595,0.0,0.0,1.0
0.0,1.0,0.0,0.8806232721986101,0.125,0.0,0.11922769911033493,0.030253983737435375,0.0,1.0,0.0
1.0,1.0,1.0,0.15807991971651314,0.0,0.0,0.004392046068428581,0.015126991868717687,0.0,1.0,0.0
0.0,1.0,0.0,0.2963056045391752,0.25,0.0,0.0006350373556128562,0.04231497681320543,1.0,0.0,0.0
0.0,1.0,1.0,0.2209097764540868,0.125,0.0,0.11241160999224346,0.034743283060928505,0.0,0.0,1.0
0.0,1.0,0.0,0.08268409163142477,0.5,0.16666666666666666,0.9999990324468936,0.07746483739222364,0.0,0.0,1.0
0.0,1.0,0.0,0.258607690496631,0.0,0.0,0.09728598685294872,0.01522458573693454,0.0,0.0,1.0
1.0,0.0,1.0,0.6104548882270434,0.125,0.0,0.0035863968483570144,0.14976542178569888,1.0,0.0,0.0
1.0,0.5,1.0,0.35913546127674884,0.125,0.0,0.0007201820289911162,0.05074861788214966,0.0,0.0,1.0
0.0,0.0,0.0,0.811510429787279,0.0,0.16666666666666666,0.036385157090309796,0.12097533304137884,1.0,0.0,0.0
1.0,0.0,0.0,0.6984166876596465,0.0,0.0,0.006209755837973557,0.06929138210831973,0.0,0.0,1.0
1.0,0.5,1.0,0.258607690496631,0.0,0.0,0.009021465165669281,0.020494634144714287,0.0,0.0,1.0
0.0,1.0,0.0,0.3528524756029915,0.0,0.0,0.0006463254751895195,0.014110457793255232,1.0,0.0,0.0
1.0,0.5,1.0,0.05755214893639531,0.125,0.3333333333333333,0.008278061862120458,0.05416439023960204,0.0,0.0,1.0
0.0,1.0,0.0,0.13294797702148367,0.625,0.3333333333333333,0.9999990324468936,0.09154270215804095,0.0,0.0,1.0
0.0,1.0,0.0,0.2711736618441457,0.0,0.0,0.0006372949795281889,0.014110457793255232,1.0,0.0,0.0
1.0,0.0,1.0,0.4722292034043814,0.0,0.0,0.036405475705547787,0.1561495934835374,0.0,0.0,1.0
0.0,0.0,0.0,0.5601910028369845,0.125,0.0,0.01170094223546695,0.16293233847216143,0.0,0.0,1.0
0.0,1.0,0.0,0.044986177588880585,0.375,0.3333333333333333,0.11171851945023634,0.054457169982804386,0.0,0.0,1.0
0.0,0.0,0.0,0.50274654184747,0.0,0.0,0.03589079120580231,0.05410739641829964,1.0,0.0,0.0
1.0,1.0,0.0,0.07247423991156907,0.125,0.16666666666666666,0.0006347148379106659,0.029757818439881237,1.0,0.0,0.0
1.0,0.5,1.0,0.35913546127674884,0.0,0.0,0.0768257807750423,0.020494634144714287,0.0,0.0,1.0
0.0,1.0,0.0,0.23347574780160152,0.0,0.0,0.09728598685294872,0.01592394113677838,0.0,0.0,1.0
1.0,1.0,1.0,0.20834380510657205,0.5,0.3333333333333333,0.9999945171990628,0.015468569476752568,0.0,0.0,1.0
0.0,1.0,0.0,0.32143754723420465,0.25,0.0,0.1014182715953822,0.01690807391396857,0.0,0.0,1.0
0.0,0.5,0.0,0.396833375319293,0.0,0.0,0.07749386813218712,0.020494634144714287,0.0,0.0,1.0
0.0,1.0,1.0,0.19577783375905733,0.625,0.3333333333333333,0.9999990324468936,0.09154270215804095,0.0,0.0,1.0
0.0,0.5,0.0,0.258607690496631,0.0,0.0,0.08061716987491152,0.143462439013,0.0,0.0,1.0
0.0,1.0,0.0,0.32143754723420465,0.125,0.0,0.0006408426742522831,0.028212717768592382,1.0,0.0,0.0
1.0,1.0,0.0,0.396833375319293,0.0,0.0,0.0002928460735888641,0.11027245257983022,0.0,0.0,1.0
0.0,1.0,0.0,0.3088715758866899,0.0,0.0,0.11205232527200339,0.014931805063008086,0.0,0.0,1.0
0.0,1.0,0.0,0.3283488218882624,0.0,0.0,0.11240225697887994,0.01541157472472606,0.0,0.0,1.0
0.0,1.0,0.0,0.4125408395036864,0.0,0.0,0.12063871405741784,0.015712553216570595,0.0,0.0,1.0
1.0,0.5,0.0,0.005152048207541624,0.0,0.3333333333333333,0.07999890343981257,0.05660422763778231,0.0,0.0,1.0
1.0,1.0,1.0,0.3717014326242636,0.0,0.0,0.11733935796401027,0.0243495779784184,0.0,0.0,1.0
0.0,1.0,0.0,0.2711736618441457,0.0,0.0,0.11129247356564285,0.017566829266897958,0.0,0.0,1.0
1.0,1.0,0.0,0.35913546127674884,0.0,0.0,0.11129634377806913,0.01854276422617007,0.0,0.0,1.0
1.0,1.0,1.0,0.1832118624115426,0.0,0.0,0.10650792345364858,0.015200186804518274,0.0,1.0,0.0
0.0,0.0,0.0,0.3465694899292341,0.0,0.0,0.03624002412432412,0.09193307018511551,0.0,0.0,1.0
1.0,0.5,1.0,0.20834380510657205,0.0,0.0,0.04187360208733457,0.020494634144714287,0.0,0.0,1.0
1.0,1.0,1.0,0.4093993466668078,0.375,0.0,0.9999935496459563,0.030937138953505135,0.0,0.0,1.0
0.0,1.0,0.0,0.19577783375905733,0.125,0.5,0.09728598685294872,0.06709552844995748,0.0,0.0,1.0
0.0,1.0,0.0,0.35094853038222756,0.0,0.0,0.09728598685294872,0.015712553216570595,0.0,0.0,1.0
1.0,0.0,1.0,0.28373963319166046,0.375,0.3333333333333333,0.006210723391080128,0.5133417885771292,0.0,0.0,1.0
0.0,1.0,0.0,0.2963056045391752,0.0,0.0,0.11048875945178442,0.015712553216570595,0.0,0.0,1.0
0.0,1.0,0.0,0.35913546127674884,0.0,0.0,0.11048908196948662,0.015712553216570595,0.0,0.0,1.0
0.0,1.0,0.0,0.24604171914911624,0.0,0.0,0.11184043114166431,0.015330376492345367,0.0,0.0,1.0
0.0,0.0,0.0,0.5727569741844992,0.125,0.0,0.003567045786225592,0.11940564077778394,0.0,0.0,1.0
0.0,1.0,0.0,0.32143754723420465,0.125,0.3333333333333333,0.09728598685294872,0.040159725063205844,0.0,0.0,1.0
0.0,1.0,0.0,0.7361146017021907,0.0,0.0,0.11733419768077522,0.014151056909445578,0.0,0.0,1.0
0.0,1.0,0.0,0.4125408395036864,0.0,0.0,0.12069160696057707,0.015712553216570595,0.0,0.0,1.0
0.0,0.0,0.0,0.8869062578723674,0.0,0.0,0.03647304316415667,0.06764049347379236,1.0,0.0,0.0
1.0,0.0,0.0,0.28373963319166046,0.0,0.16666666666666666,0.036015229285897433,0.12366715840668134,1.0,0.0,0.0
1.0,0.5,1.0,0.42196531801432247,0.0,0.16666666666666666,0.07457447820667258,0.044893008126517,0.0,0.0,1.0
0.0,0.5,0.0,0.42196531801432247,0.125,0.0,0.07858917856353842,0.05074861788214966,0.0,0.0,1.0
0.0,1.0,1.0,0.3465694899292341,0.0,0.0,0.11241419013386099,0.01541157472472606,0.0,0.0,1.0
0.0,1.0,0.0,0.3283488218882624,0.0,0.0,0.11240451460279527,0.01541157472472606,0.0,0.0,1.0
0.0,0.0,0.0,0.258607690496631,0.0,0.16666666666666666,0.011155242283360829,0.1508551433511691,0.0,0.0,1.0
0.0,1.0,0.0,0.4093993466668078,0.0,0.0,0.002208278706897525,0.01689187186874628,0.0,0.0,1.0
0.0,1.0,0.0,0.45966323205686666,0.25,0.0,0.9999929046105519,0.015468569476752568,0.0,0.0,1.0
0.0,1.0,0.0,0.3465694899292341,0.0,0.0,0.11240193446117776,0.01541157472472606,0.0,0.0,1.0
1.0,1.0,1.0,0.258607690496631,0.0,0.0,0.11043876920794492,0.014931805063008086,0.0,0.0,1.0
1.0,1.0,0.0,0.35094853038222756,0.0,0.0,0.10072163335865099,0.015175788802826114,0.0,0.0,1.0
0.0,1.0,0.0,0.4722292034043814,0.0,0.0,0.11241548020466975,0.01541157472472606,0.0,0.0,1.0
1.0,1.0,1.0,0.2711736618441457,0.125,0.0,0.11946603969225363,0.04713765778826357,0.0,1.0,0.0
0.0,0.0,0.0,0.5853229455320139,0.0,0.0,0.035403413204842284,0.10149723576429932,0.0,0.0,1.0
0.0,1.0,1.0,0.17692887673778523,0.125,0.0,0.0006360049087194274,0.028212717768592382,1.0,0.0,0.0
0.0,1.0,0.0,0.2711736618441457,0.0,0.0,0.10448799508483023,0.015712553216570595,0.0,0.0,1.0
0.0,1.0,1.0,0.24604171914911624,0.125,0.0,0.001110428448641475,0.019177121577407297,0.0,0.0,1.0
0.0,1.0,1.0,0.20834380510657205,0.0,0.0,0.0006237492360361929,0.028220720134448384,1.0,0.0,0.0
0.0,1.0,0.0,0.258607690496631,0.0,0.0,0.09728598685294872,0.015468569476752568,0.0,0.0,1.0
0.0,1.0,0.0,0.8806232721986101,0.0,0.0,0.11922705407493055,0.015126991868717687,0.0,1.0,0.0
0.0,0.5,0.0,0.35913546127674884,0.125,0.0,0.0035396317815394097,0.040989268289428574,0.0,0.0,1.0
0.0,0.0,0.0,0.2963056045391752,0.0,0.16666666666666666,0.03638322198409665,0.4831283993022637,1.0,0.0,0.0
0.0,1.0,1.0,0.01985423489385113,0.5,0.3333333333333333,0.11171658434402319,0.061044730957891126,0.0,0.0,1.0
0.0,0.5,0.0,0.258607690496631,0.25,0.0,0.07100291717261632,0.143462439013,0.0,0.0,1.0
0.0,1.0,0.0,0.35094853038222756,0.0,0.0,0.09728598685294872,0.015712553216570595,0.0,0.0,1.0
0.0,0.5,0.0,0.40311636099305037,0.125,0.0,0.07645056368031401,0.058694291471457834,1.0,0.0,0.0
1.0,0.5,1.0,0.40311636099305037,0.0,0.0,0.008570585418007133,0.02537430894107483,0.0,0.0,1.0
0.0,0.0,0.0,0.6732847449646171,0.0,0.16666666666666666,0.011155242283360829,0.1508551433511691,0.0,0.0,1.0
1.0,1.0,0.0,0.14551394836899842,0.125,0.0,0.0006314896608887621,0.02194233639984837,1.0,0.0,0.0
0.0,1.0,0.0,0.8806232721986101,0.0,0.0,0.11922802162803713,0.015126991868717687,0.0,1.0,0.0
1.0,1.0,0.0,0.2963056045391752,0.0,0.0,0.10295621191817259,0.013939668989237791,0.0,0.0,1.0
1.0,1.0,1.0,0.30757164037800927,0.125,0.16666666666666666,0.0006369724618259985,0.04364049174636842,1.0,0.0,0.0
0.0,1.0,0.0,0.5601910028369845,0.0,0.0,0.1117098114722772,0.013614292495701097,0.0,0.0,1.0
0.0,1.0,0.0,0.4093993466668078,0.0,0.0,0.11241290006305223,0.01541157472472606,1.0,0.0,0.0
0.0,1.0,0.0,0.24604171914911624,0.0,0.0,0.10295621191817259,0.013760683298026377,0.0,0.0,1.0
0.0,1.0,1.0,0.5853229455320139,0.125,0.0,0.13351550566565057,0.028302113818891157,0.0,0.0,1.0
1.0,0.5,1.0,0.35913546127674884,0.125,0.0,0.0734440536604953,0.05074861788214966,0.0,0.0,1.0
0.0,0.5,0.0,0.3088715758866899,0.0,0.0,0.07785112905384596,0.02537430894107483,0.0,0.0,1.0
0.0,0.5,0.0,0.28373963319166046,0.0,0.0,0.08061716987491152,0.029367444828462038,1.0,0.0,0.0
1.0,0.0,1.0,0.23347574780160152,0.0,0.3333333333333333,0.0035667232685234014,0.05130158341039232,0.0,0.0,1.0
0.0,0.0,0.0,0.45966323205686666,0.125,0.0,0.03647997729475377,0.10364428969638081,0.0,0.0,1.0
0.0,1.0,0.0,0.19577783375905733,0.0,0.0,0.002206343600684383,0.0179897986979274,0.0,0.0,1.0
0.0,0.0,0.0,0.2963056045391752,0.0,0.0,0.004152092897998939,0.15458809159206777,1.0,0.0,0.0
0.0,1.0,1.0,0.2925358227219961,0.0,0.3333333333333333,0.0006401976388479023,0.029757818439881237,1.0,0.0,0.0
1.0,1.0,1.0,0.2711736618441457,0.0,0.0,0.11171626182632101,0.015126991868717687,0.0,0.0,1.0
1.0,1.0,1.0,0.2963056045391752,0.125,0.0,0.09728598685294872,0.030937138953505135,0.0,0.0,1.0
0.0,1.0,0.0,0.23347574780160152,0.0,0.0,0.11756705546175668,0.013175121950173469,0.0,1.0,0.0
0.0,0.5,0.0,0.2209097764540868,0.0,0.0,0.07458286366692952,0.0224465040632585,0.0,0.0,1.0
0.0,0.5,0.0,0.23347574780160152,0.125,0.16666666666666666,0.0007143767103516894,0.0717312195065,0.0,0.0,1.0
1.0,1.0,0.0,0.3340035185817194,0.0,0.0,0.11267155926020891,0.01521638791901646,0.0,0.0,1.0
0.0,1.0,1.0,0.10781603432645424,0.25,0.3333333333333333,0.11171851945023634,0.06709552844995748,0.0,0.0,1.0
0.0,0.5,0.0,0.4533802463831093,0.0,0.3333333333333333,0.07398136815234448,0.05074861788214966,0.0,0.0,1.0
0.0,0.5,0.0,0.5224930887944403,0.0,0.0,0.07857079505451357,0.02537430894107483,0.0,0.0,1.0
0.0,0.5,0.0,0.6355868309220729,0.0,0.0,0.05966023601424771,0.02444716998518704,0.0,0.0,1.0
1.0,0.0,1.0,0.2711736618441457,0.125,0.0,0.036471269316794626,0.12999453359672775,0.0,0.0,1.0
0.0,1.0,0.0,0.6921337019858892,0.0,0.0,0.13351550566565057,0.015712553216570595,0.0,0.0,1.0
0.0,1.0,0.0,0.5036441317731682,0.0,0.3333333333333333,0.13351550566565057,0.028302113818891157,0.0,0.0,1.0
0.0,1.0,0.0,0.35094853038222756,0.0,0.0,0.10295621191817259,0.014273048779354591,0.0,0.0,1.0
0.0,0.0,0.0,0.6355868309220729,0.0,0.16666666666666666,0.0038028062265267584,0.11980421406856943,1.0,0.0,0.0
1.0,1.0,1.0,0.19577783375905733,0.0,0.0,0.011339077373609346,0.015094396049107447,0.0,1.0,0.0
0.0,1.0,0.0,0.3717014326242636,0.0,0.0,0.09728598685294872,0.015712553216570595,0.0,0.0,1.0
0.0,1.0,0.0,0.31888508430424073,0.0,0.0,0.1013815045773325,0.01690807391396857,0.0,0.0,1.0
0.0,1.0,0.0,0.10467454148957556,1.0,0.3333333333333333,0.9999990324468936,0.13575255879138462,0.0,0.0,1.0
0.0,1.0,0.0,0.5476250314894697,0.0,0.16666666666666666,0.1195473141532056,0.03142510643314119,0.0,0.0,1.0
1.0,0.5,1.0,0.49736114609941084,0.0,0.0,0.05966023601424771,0.030741951217071427,0.0,0.0,1.0
0.0,1.0,0.0,0.32143754723420465,0.0,0.0,0.11171206909619254,0.015175788802826114,0.0,0.0,1.0
0.0,1.0,0.0,0.20834380510657205,0.0,0.0,0.10139956556865516,0.01690807391396857,0.0,0.0,1.0
0.0,1.0,0.0,0.007288263546336399,0.5,0.16666666666666666,0.9999990324468936,0.07746483739222364,0.0,0.0,1.0
1.0,1.0,0.0,0.10781603432645424,0.0,0.3333333333333333,0.11694427377882705,0.04006212933354078,0.0,0.0,1.0
1.0,0.0,1.0,0.2711736618441457,0.0,0.16666666666666666,0.03638386701950103,0.10735284551993197,0.0,0.0,1.0
0.0,1.0,1.0,0.5601910028369845,0.125,0.6666666666666666,0.11171851945023634,0.054457169982804386,0.0,0.0,1.0
0.0,0.0,0.0,0.50274654184747,0.0,0.0,0.03589079120580231,0.050602226149100274,0.0,0.0,1.0
0.0,1.0,0.0,0.3465694899292341,0.0,0.0,0.0002928460735888641,0.11027245257983022,0.0,0.0,1.0
0.0,0.0,0.0,0.7612465443972202,0.0,0.0,0.035653364424039824,0.0653876422712313,0.0,0.0,1.0
0.0,1.0,0.0,0.044986177588880585,0.5,0.16666666666666666,0.12318853901093497,0.056848211377600336,0.0,1.0,0.0
1.0,1.0,1.0,0.007288263546336399,0.125,0.16666666666666666,0.11192944602746885,0.0217307530275785,0.0,0.0,1.0
0.0,1.0,0.0,0.258607690496631,0.0,0.0,0.09728598685294872,0.015468569476752568,0.0,0.0,1.0
0.0,0.0,0.0,0.6984166876596465,0.0,0.0,0.0055056996940919594,0.05991421017054797,1.0,0.0,0.0
0.0,1.0,0.0,0.2209097764540868,0.125,0.16666666666666666,0.11278798815069964,0.015330376492345367,0.0,0.0,1.0
0.0,1.0,0.0,0.007288263546336399,0.375,0.16666666666666666,0.0011094608955349039,0.049707684874270935,0.0,0.0,1.0
0.0,0.0,1.0,0.6230208595745581,0.0,0.0,0.0055056996940919594,0.056043064291621564,1.0,0.0,0.0
0.0,0.5,0.0,0.3717014326242636,0.0,0.0,0.08061652483950714,0.02537430894107483,0.0,0.0,1.0
0.0,1.0,0.0,0.44709726070935196,0.0,0.0,0.0006418102273588542,0.0,0.0,0.0,1.0
0.0,1.0,1.0,0.19577783375905733,1.0,0.3333333333333333,0.9999990324468936,0.13575255879138462,0.0,0.0,1.0
0.0,0.5,0.0,0.28373963319166046,0.0,0.0,0.08061716987491152,0.029375642646380117,1.0,0.0,0.0
0.0,1.0,0.0,0.10781603432645424,0.5,0.3333333333333333,0.11171497175551225,0.0612643185574652,0.0,0.0,1.0
1.0,0.5,0.0,0.007288263546336399,0.25,0.16666666666666666,0.07399942914366714,0.07612292682322448,0.0,0.0,1.0
1.0,1.0,1.0,0.044986177588880585,0.0,0.3333333333333333,0.10141891663078659,0.04298993421135711,0.0,0.0,1.0
0.0,0.0,0.0,0.8869062578723674,0.0,0.0,0.03646836665747492,0.09759349592721088,0.0,0.0,1.0
1.0,1.0,1.0,0.2711736618441457,0.125,0.0,0.1192257640041218,0.030253983737435375,0.0,1.0,0.0
1.0,0.0,0.0,0.5601910028369845,0.0,0.0,0.03571399775205162,0.05182214484819041,0.0,0.0,1.0
0.0,1.0,0.0,0.49736114609941084,0.125,0.16666666666666666,0.11744675635883967,0.030253983737435375,0.0,1.0,0.0
0.0,1.0,0.0,0.44709726070935196,0.0,0.0,0.11241483516926537,0.01541157472472606,0.0,0.0,1.0
1.0,0.5,1.0,0.396833375319293,0.0,0.0,0.07544043823705375,0.02537430894107483,0.0,0.0,1.0
0.0,0.5,0.0,0.23347574780160152,0.0,0.0,0.0089437383994414,0.02537430894107483,0.0,0.0,1.0
1.0,1.0,1.0,0.23347574780160152,0.125,0.0,0.11267252681331548,0.015330376492345367,0.0,0.0,1.0
1.0,0.5,0.0,0.03242020624136586,0.125,0.16666666666666666,0.07398136815234448,0.05074861788214966,0.0,0.0,1.0
1.0,0.0,1.0,0.5476250314894697,0.0,0.0,0.03589079120580231,0.05410739641829964,1.0,0.0,0.0
1.0,0.0,1.0,0.723548630354676,0.0,0.0,0.005248330567744037,0.28598953752929773,1.0,0.0,0.0
0.0,1.0,0.0,0.49526680156303293,0.0,0.0,0.11868973958308138,0.015126991868717687,0.0,1.0,0.0
0.0,1.0,0.0,0.5224930887944403,0.0,0.16666666666666666,0.001253303790711813,0.016403904389110224,0.0,0.0,1.0
1.0,1.0,1.0,0.2711736618441457,0.0,0.0,0.11922737659263274,0.015126991868717687,0.0,1.0,0.0
0.0,0.5,1.0,0.2963056045391752,0.0,0.0,0.08000180609913228,0.02537430894107483,0.0,0.0,1.0
0.0,1.0,0.0,0.3465694899292341,0.0,0.0,0.11129344111874942,0.01854276422617007,0.0,0.0,1.0
0.0,1.0,0.0,0.10467454148957556,1.0,0.3333333333333333,0.9999990324468936,0.13575255879138462,0.0,0.0,1.0
0.0,1.0,0.0,0.42196531801432247,0.0,0.0,0.9999890343981256,0.012678956652619335,0.0,0.0,1.0
0.0,1.0,0.0,0.5664739885107418,0.0,0.0,0.0006240717537383834,0.014102259975337152,1.0,0.0,0.0
1.0,1.0,0.0,0.2209097764540868,0.0,0.0,0.09728598685294872,0.015712553216570595,0.0,0.0,1.0
0.0,1.0,1.0,0.01985423489385113,0.0,0.16666666666666666,0.11170755384836187,0.020421438278189593,0.0,0.0,1.0
0.0,1.0,0.0,0.396833375319293,0.125,0.0,0.9999935496459563,0.030937138953505135,0.0,0.0,1.0
1.0,1.0,0.0,0.32143754723420465,0.0,0.0,0.0006469705105939002,0.036670756839228776,1.0,0.0,0.0
1.0,1.0,1.0,0.19577783375905733,0.0,0.0,0.11821499352545714,0.015126991868717687,0.0,1.0,0.0
1.0,0.0,0.0,0.49736114609941084,0.0,0.0,0.03598781528121125,0.06050796747487075,1.0,0.0,0.0
0.0,1.0,0.0,0.2963056045391752,0.0,0.0,0.10295621191817259,0.013760683298026377,0.0,0.0,1.0
1.0,0.5,1.0,0.4345312893618372,0.0,0.0,0.05966023601424771,0.040989268289428574,0.0,0.0,1.0
0.0,1.0,0.0,0.2711736618441457,0.0,0.0,0.10295621191817259,0.014151056909445578,0.0,0.0,1.0
0.0,0.5,0.0,0.3717014326242636,0.0,0.0,0.08061426721559181,0.02537430894107483,0.0,0.0,1.0
0.0,1.0,0.0,0.49526680156303293,0.125,0.0,0.11821434849005276,0.015126991868717687,0.0,1.0,0.0
1.0,0.0,1.0,0.3842674039717783,0.125,0.0,0.011152662141743307,0.22109806800141338,1.0,0.0,0.0
1.0,1.0,1.0,0.3340035185817194,0.0,0.0,0.09728598685294872,0.015468569476752568,0.0,0.0,1.0
0.0,0.5,0.0,0.5224930887944403,0.125,0.0,0.07842146935839941,0.052700487800693877,0.0,0.0,1.0
1.0,0.0,1.0,0.396833375319293,0.0,0.0,0.0035863968483570144,0.14891147869633578,1.0,0.0,0.0
0.0,0.5,0.0,0.3717014326242636,0.0,0.0,0.0640798166809381,0.020494634144714287,0.0,0.0,1.0
1.0,1.0,0.0,0.19577783375905733,0.0,0.0,0.09728598685294872,0.015712553216570595,0.0,0.0,1.0
0.0,0.5,0.0,0.3340035185817194,0.0,0.0,0.07084875371096933,0.02537430894107483,0.0,0.0,1.0
0.0,1.0,0.0,0.6355868309220729,0.0,0.0,0.006691274767343793,0.015712553216570595,0.0,0.0,1.0
0.0,1.0,0.0,0.3283488218882624,0.0,0.0,0.1124106424391369,0.01541157472472606,0.0,0.0,1.0
1.0,0.0,0.0,0.4722292034043814,0.125,0.0,0.006208465767164795,0.1756682926689796,0.0,0.0,1.0
0.0,1.0,0.0,0.2711736618441457,0.0,0.0,0.09728598685294872,0.018249984482967718,0.0,0.0,1.0
1.0,0.5,0.0,0.23347574780160152,0.0,0.0,0.009021465165669281,0.020494634144714287,0.0,0.0,1.0
0.0,1.0,0.0,0.2523247048228736,0.0,0.0,0.10295621191817259,0.014151056909445578,0.0,0.0,1.0
0.0,0.5,0.0,0.2209097764540868,0.0,0.0,0.07594582347638607,0.02537430894107483,0.0,0.0,1.0
0.0,1.0,1.0,0.044986177588880585,0.375,0.16666666666666666,0.0011094608955349039,0.049707684874270935,0.0,0.0,1.0
1.0,0.0,1.0,0.4345312893618372,0.125,0.0,0.01170094223546695,0.16293233847216143,0.0,0.0,1.0
0.0,1.0,0.0,0.35913546127674884,0.0,0.0,0.11171174657849034,0.015175788802826114,0.0,0.0,1.0
0.0,0.5,0.0,0.7361146017021907,0.0,0.0,0.07635574347587004,0.026350243900346938,0.0,0.0,1.0
1.0,1.0,1.0,0.05755214893639531,0.5,0.3333333333333333,0.11171497175551225,0.0612643185574652,0.0,0.0,1.0
0.0,0.5,0.0,0.2963056045391752,0.0,0.0,0.009783574495945148,0.020494634144714287,0.0,0.0,1.0
0.0,1.0,1.0,0.2970909777483949,0.0,0.0,0.09728598685294872,0.014736618257298485,0.0,0.0,1.0
0.0,0.5,0.0,0.5476250314894697,0.125,0.0,0.00838997550478052,0.05074861788214966,0.0,0.0,1.0
1.0,0.5,1.0,0.09525006297893951,0.0,0.3333333333333333,0.07999890343981257,0.051236585361785714,0.0,0.0,1.0
0.0,0.5,0.0,0.23347574780160152,0.0,0.0,0.009021465165669281,0.020494634144714287,0.0,0.0,1.0
0.0,0.5,0.0,0.4093993466668078,0.0,0.0,0.008278061862120458,0.02395920250555099,0.0,0.0,1.0
0.0,1.0,1.0,0.18111752985900878,0.125,0.0,0.0006360049087194274,0.028212717768592382,1.0,0.0,0.0
1.0,1.0,1.0,0.19577783375905733,0.125,0.0,0.11821467100775496,0.030253983737435375,0.0,1.0,0.0
0.0,0.5,0.0,0.35913546127674884,0.0,0.0,0.0640798166809381,0.020494634144714287,0.0,0.0,1.0
0.0,1.0,0.0,0.2711736618441457,0.0,0.0,0.10295621191817259,0.01390707316962755,0.0,0.0,1.0
0.0,1.0,0.0,0.3717014326242636,0.0,0.0,0.0006453579220829483,0.014102259975337152,1.0,0.0,0.0
0.0,0.0,0.0,0.5476250314894697,0.25,0.0,0.0062036280016319395,0.1756682926689796,0.0,1.0,0.0
0.0,1.0,1.0,0.3088715758866899,0.0,0.0,0.1117130366492991,0.015175788802826114,0.0,0.0,1.0
1.0,0.5,1.0,0.2963056045391752,0.0,0.3333333333333333,0.08061523476869838,0.028302113818891157,0.0,0.0,1.0
1.0,0.0,0.0,0.45966323205686666,0.125,0.16666666666666666,0.003566400750821211,0.10257896054825814,0.0,0.0,1.0
0.0,0.5,0.0,0.6732847449646171,0.125,0.0,0.07855208902778653,0.05074861788214966,0.0,0.0,1.0
0.0,1.0,0.0,0.7361146017021907,0.0,0.0,0.11662981901919144,0.014151056909445578,0.0,0.0,1.0
0.0,1.0,1.0,0.35913546127674884,0.125,0.16666666666666666,0.11170755384836187,0.020421438278189593,0.0,0.0,1.0
0.0,0.0,0.0,0.7738125157447349,0.0,0.0,0.03638676967882075,0.05182214484819041,0.0,0.0,1.0
0.0,1.0,0.0,0.3717014326242636,0.125,0.0,0.09728598685294872,0.03142510643314119,0.0,0.0,1.0
0.0,1.0,1.0,0.5099271174469255,0.0,0.3333333333333333,0.11914964982640486,0.039452169983995714,0.0,0.0,1.0
1.0,1.0,1.0,0.35913546127674884,0.0,0.3333333333333333,0.0006311671431865717,0.029757818439881237,1.0,0.0,0.0
1.0,0.0,1.0,0.36039206320503797,0.0,0.0,0.003571561034056257,0.15458809159206777,1.0,0.0,0.0
1.0,0.0,1.0,0.3717014326242636,0.0,0.0,0.0353024651640567,0.16883674795407483,0.0,0.0,1.0
1.0,0.0,1.0,0.4345312893618372,0.0,0.0,0.03638322198409665,1.0,1.0,0.0,0.0
1.0,0.5,1.0,0.6230208595745581,0.0,0.16666666666666666,0.07409521690121768,0.05074861788214966,0.0,0.0,1.0
0.0,1.0,0.0,0.4125408395036864,0.0,0.0,0.12377197353419737,0.015126991868717687,0.0,1.0,0.0
1.0,1.0,0.0,0.03242020624136586,0.5,0.3333333333333333,0.11171497175551225,0.0612643185574652,0.0,0.0,1.0
0.0,0.0,0.0,0.6481528022695876,0.125,0.16666666666666666,0.03538664228432838,0.15546644199036408,0.0,0.0,1.0
0.0,0.0,0.0,0.49736114609941084,0.0,0.0,0.035917506422133746,0.0,0.0,0.0,1.0
0.0,1.0,1.0,0.2711736618441457,0.0,0.0,0.12318757145782841,0.015126991868717687,0.0,1.0,0.0
0.0,0.5,0.0,0.44709726070935196,0.0,0.0,0.008873429540363898,0.020494634144714287,0.0,0.0,1.0
0.0,1.0,0.0,0.19577783375905733,0.5,0.16666666666666666,0.9999990324468936,0.07746483739222364,0.0,0.0,1.0
1.0,1.0,0.0,0.3088715758866899,0.125,0.0,0.11171690686172539,0.015175788802826114,0.0,0.0,1.0
1.0,0.0,1.0,0.723548630354676,0.0,0.16666666666666666,0.03647288190530558,0.29953882546132343,0.0,0.0,1.0
1.0,0.0,1.0,0.4345312893618372,0.0,0.0,0.03646610903355958,0.2647385597477818,0.0,0.0,1.0
0.0,0.0,0.0,0.3528524756029915,0.0,0.0,0.03647836470624281,0.06050796747487075,0.0,0.0,1.0
1.0,1.0,0.0,0.3088715758866899,0.0,0.0,0.000630522107782191,0.0,0.0,0.0,1.0
1.0,0.5,1.0,0.5099271174469255,0.0,0.16666666666666666,0.08061362218018743,0.03806146341161224,0.0,0.0,1.0
0.0,0.0,0.0,0.45966323205686666,0.0,0.16666666666666666,0.020598318715218483,0.057970538069921834,1.0,0.0,0.0
1.0,1.0,1.0,0.2711736618441457,0.0,0.0,0.11922898918114369,0.015126991868717687,0.0,1.0,0.0
1.0,0.0,1.0,0.7863784870922497,0.125,0.0,0.004131129247356564,0.1521644562391098,0.0,0.0,1.0
0.0,1.0,1.0,0.5601910028369845,0.0,0.0,0.11171368168470348,0.015126991868717687,0.0,0.0,1.0
0.0,0.5,0.0,0.3739861525085673,0.0,0.0,0.07713333365585105,0.0,0.0,0.0,1.0
0.0,1.0,0.0,0.08268409163142477,0.5,0.16666666666666666,0.12318853901093497,0.056848211377600336,0.0,1.0,0.0
1.0,1.0,1.0,0.4345312893618372,0.125,0.16666666666666666,0.13351550566565057,0.039525365850520404,0.0,0.0,1.0
0.0,1.0,0.0,0.811510429787279,0.0,0.0,0.10828402843961099,0.015126991868717687,0.0,1.0,0.0
0.0,1.0,0.0,0.3465694899292341,0.0,0.0,0.11183978610625993,0.015330376492345367,0.0,0.0,1.0
0.0,1.0,0.0,0.19577783375905733,0.0,0.0,0.11129602126036695,0.01854276422617007,0.0,0.0,1.0
1.0,1.0,0.0,0.23347574780160152,0.0,0.0,0.09728598685294872,0.015712553216570595,0.0,0.0,1.0
0.0,0.0,0.0,0.580610706276696,0.0,0.0,0.03623905657121755,0.05074861788214966,0.0,0.0,1.0
0.0,1.0,0.0,0.4093993466668078,0.0,0.0,0.11241225502764784,0.01690807391396857,1.0,0.0,0.0
1.0,1.0,0.0,0.3717014326242636,0.0,0.0,0.11129473118955818,0.01854276422617007,0.0,0.0,1.0
0.0,1.0,0.0,0.2711736618441457,0.0,0.0,0.11240161194347556,0.01541157472472606,0.0,0.0,1.0
1.0,0.5,0.0,0.5224930887944403,0.0,0.0,0.07647055977784982,0.02537430894107483,0.0,0.0,1.0
1.0,1.0,1.0,0.2711736618441457,0.0,0.0,0.11922834414573931,0.015126991868717687,0.0,1.0,0.0
1.0,0.0,1.0,0.32143754723420465,0.0,0.0,0.0061871795988202305,0.15390494009889444,0.0,0.0,1.0
1.0,0.0,1.0,0.23347574780160152,0.125,0.0,0.003636064574494333,0.17777475213849128,1.0,0.0,0.0
0.0,0.5,0.0,0.44709726070935196,0.0,0.0,0.05966023601424771,0.0251303252012568,1.0,0.0,0.0
0.0,1.0,1.0,0.2963056045391752,0.0,0.0,0.11241128747454128,0.01727404952369561,0.0,0.0,1.0
0.0,1.0,0.0,0.2963056045391752,0.0,0.0,0.1124103199214347,0.01541157472472606,0.0,0.0,1.0
0.0,0.0,0.0,0.50274654184747,0.0,0.0,0.03589079120580231,0.05410739641829964,1.0,0.0,0.0
0.0,1.0,0.0,0.2900226188654178,0.0,0.0,0.000645035404380758,0.014110457793255232,1.0,0.0,0.0
0.0,0.0,1.0,0.01985423489385113,0.125,0.3333333333333333,0.03647288190530558,0.29580589211201047,0.0,0.0,1.0
1.0,0.0,0.0,0.396833375319293,0.0,0.0,0.006222979063763363,0.05953203251559864,0.0,0.0,1.0
1.0,0.0,1.0,0.6230208595745581,0.0,0.16666666666666666,0.03638322198409665,0.4831283993022637,1.0,0.0,0.0
1.0,1.0,1.0,0.15807991971651314,0.0,0.0,0.002754623694408027,0.015126991868717687,0.0,1.0,0.0
1.0,1.0,0.0,0.49526680156303293,0.25,0.0,0.1182133809369462,0.04538097560615306,0.0,1.0,0.0
0.0,1.0,0.0,0.23347574780160152,0.0,0.0,0.000630522107782191,0.0,0.0,0.0,1.0
1.0,0.5,1.0,0.7109826590071613,0.0,0.0,0.07285674892480662,0.024105594238600373,0.0,1.0,0.0
0.0,1.0,0.0,0.35094853038222756,0.0,0.0,0.09728598685294872,0.015712553216570595,0.0,0.0,1.0
1.0,0.0,0.0,0.006282986048252493,0.125,0.3333333333333333,0.03647288190530558,0.29580589211201047,0.0,0.0,1.0
1.0,0.0,1.0,0.40311636099305037,0.0,0.0,0.00539507612224066,0.21642977926381243,1.0,0.0,0.0
1.0,0.0,1.0,0.20834380510657205,0.125,0.0,0.004222401757076441,0.21255863710778244,1.0,0.0,0.0
0.0,0.5,0.0,0.3717014326242636,0.125,0.0,0.009783251978242957,0.046844878045061225,1.0,0.0,0.0
1.0,0.0,1.0,0.3717014326242636,0.0,0.0,0.03639603054426936,0.1111183914418891,1.0,0.0,0.0
1.0,0.0,1.0,0.2963056045391752,0.0,0.0,0.003571561034056257,0.1623141887504911,1.0,0.0,0.0
1.0,0.0,1.0,0.2209097764540868,0.25,0.3333333333333333,0.03638322198409665,0.5121218698780391,1.0,0.0,0.0
0.0,0.5,1.0,0.32143754723420465,0.125,0.16666666666666666,0.08061587980410276,0.05074861788214966,0.0,0.0,1.0
0.0,1.0,0.0,0.3465694899292341,0.0,0.0,0.11241354509845661,0.01541157472472606,0.0,0.0,1.0
0.0,0.5,0.0,0.535059060141955,0.125,0.16666666666666666,0.07782040386741729,0.051236585361785714,0.0,0.0,1.0
1.0,1.0,1.0,0.32143754723420465,0.0,0.0,0.11184172121247306,0.015330376492345367,0.0,0.0,1.0
1.0,0.5,1.0,0.2963056045391752,0.125,0.0,0.07858917856353842,0.05074861788214966,0.0,0.0,1.0
0.0,0.5,0.0,0.6732847449646171,0.0,0.0,0.009133056290627153,0.027326178859619046,0.0,0.0,1.0
1.0,0.0,1.0,0.3842674039717783,0.0,0.3333333333333333,0.011686428938868383,0.3217983507747556,0.0,0.0,1.0
1.0,0.0,1.0,0.49736114609941084,0.125,0.16666666666666666,0.005248330567744037,0.26252650404419725,1.0,0.0,0.0
0.0,1.0,0.0,0.2711736618441457,0.0,0.0,0.10295621191817259,0.014151056909445578,0.0,0.0,1.0
0.0,1.0,0.0,0.3340035185817194,0.0,0.0,0.11240580467360403,0.01541157472472606,0.0,0.0,1.0
1.0,0.5,1.0,0.3717014326242636,0.0,0.0,0.07550945702532248,0.024105594238600373,0.0,1.0,0.0
1.0,0.5,1.0,0.2711736618441457,0.125,0.16666666666666666,0.07999890343981257,0.05660422763778231,0.0,0.0,1.0
0.0,1.0,0.0,0.10467454148957556,1.0,0.3333333333333333,0.9999990324468936,0.13575255879138462,0.0,0.0,1.0
1.0,0.0,1.0,0.44709726070935196,0.0,0.0,0.005248330567744037,0.2647385597477818,1.0,0.0,0.0
0.0,1.0,0.0,0.7612465443972202,0.0,0.0,0.11116249893166012,0.0121747889892092,0.0,0.0,1.0
1.0,0.5,1.0,0.44709726070935196,0.0,0.0,0.008984698147619579,0.02537430894107483,0.0,0.0,1.0
1.0,1.0,1.0,0.3842674039717783,0.125,0.16666666666666666,0.11694427377882705,0.04006212933354078,0.0,0.0,1.0
1.0,0.0,1.0,0.19577783375905733,0.0,0.16666666666666666,0.03569238906600486,0.11316785336720196,1.0,0.0,0.0
1.0,1.0,1.0,0.19577783375905733,0.25,0.0,0.1182133809369462,0.04538097560615306,0.0,1.0,0.0
0.0,0.0,0.0,0.5664739885107418,0.0,0.0,0.03623486384108908,0.0556282926785102,0.0,0.0,1.0
0.0,0.0,0.0,0.4722292034043814,0.0,0.16666666666666666,0.03647288190530558,0.29953882546132343,0.0,0.0,1.0
0.0,1.0,0.0,0.19577783375905733,0.25,0.0,0.11129150601253628,0.035133658533795915,0.0,0.0,1.0
1.0,0.0,1.0,0.21462679078032942,0.125,0.0,0.03646610903355958,0.2608674027001661,0.0,0.0,1.0
0.0,1.0,0.0,0.3283488218882624,0.0,0.0,0.11240773977981718,0.01541157472472606,0.0,0.0,1.0
0.0,0.0,0.0,0.35913546127674884,0.125,0.0,0.036471269316794626,0.12999453359672775,0.0,0.0,1.0
1.0,0.0,1.0,0.5099271174469255,0.0,0.0,0.005248330567744037,0.26252650404419725,1.0,0.0,0.0
1.0,1.0,0.0,0.5601910028369845,0.0,0.0,0.002226984733624567,0.015712553216570595,0.0,0.0,1.0
0.0,0.0,0.0,0.5601910028369845,0.0,0.0,0.03647384945841215,0.06929138210831973,0.0,0.0,1.0
1.0,0.5,0.0,0.01985423489385113,0.125,0.16666666666666666,0.07398136815234448,0.05074861788214966,0.0,0.0,1.0
1.0,0.0,1.0,0.2963056045391752,0.375,0.3333333333333333,0.006210723391080128,0.5133417885771292,0.0,0.0,1.0
0.0,0.5,0.0,0.3465694899292341,0.0,0.0,0.07999954847521694,0.02537430894107483,0.0,0.0,1.0
0.0,0.5,0.0,0.3088715758866899,0.0,0.0,0.07858724345732528,0.02537430894107483,0.0,0.0,1.0
0.0,0.5,0.0,0.44709726070935196,0.0,0.0,0.0737091632116958,0.02537430894107483,0.0,0.0,1.0
1.0,0.5,1.0,0.2963056045391752,0.0,0.0,0.07999729085130161,0.02537430894107483,0.0,0.0,1.0
1.0,0.5,1.0,0.49736114609941084,0.0,0.0,0.009909356399799396,0.02537430894107483,0.0,0.0,1.0
1.0,1.0,1.0,0.21462679078032942,0.125,0.0,0.12443765007151832,0.03142510643314119,0.0,0.0,1.0
1.0,1.0,0.0,0.03242020624136586,0.125,0.16666666666666666,1.0,0.031034730960273777,0.0,0.0,1.0
0.0,1.0,0.0,0.5224930887944403,0.0,0.0,0.10139795298014422,0.01690807391396857,0.0,0.0,1.0
0.0,1.0,0.0,0.28373963319166046,0.0,0.0,0.0021202313741995518,0.018006000743149692,0.0,0.0,1.0
0.0,0.0,0.0,0.5601910028369845,0.0,0.0,0.036385479608011986,0.06831544714904762,0.0,0.0,1.0
0.0,1.0,0.0,0.1832118624115426,0.125,0.16666666666666666,0.0006456804397851387,0.014110457793255232,1.0,0.0,0.0
0.0,1.0,0.0,0.3088715758866899,0.125,0.0,0.11241160999224346,0.034743283060928505,0.0,0.0,1.0
0.0,1.0,0.0,0.35094853038222756,0.0,0.0,0.0006301995900800005,0.014102259975337152,1.0,0.0,0.0
0.0,1.0,0.0,0.3465694899292341,0.0,0.0,0.11129763384887789,0.01854276422617007,0.0,0.0,1.0
1.0,0.0,1.0,0.2711736618441457,0.0,0.16666666666666666,0.03638386701950103,0.10735284551993197,0.0,0.0,1.0
0.0,0.5,1.0,0.4722292034043814,0.0,0.0,0.07642960002967164,0.02537430894107483,0.0,0.0,1.0
1.0,1.0,1.0,0.1832118624115426,0.0,0.0,0.10650760093594638,0.015379173426453794,0.0,1.0,0.0
1.0,1.0,1.0,0.23347574780160152,0.0,0.0,0.10652340430335372,0.015379173426453794,0.0,1.0,0.0
0.0,1.0,0.0,0.49736114609941084,0.125,0.6666666666666666,0.11171851945023634,0.054457169982804386,0.0,0.0,1.0
0.0,0.5,0.0,0.35913546127674884,0.125,0.0,0.037082117844743204,0.05410739641829964,1.0,0.0,0.0
0.0,1.0,1.0,0.5601910028369845,0.0,0.16666666666666666,0.0006443903689763772,0.028212717768592382,1.0,0.0,0.0
0.0,1.0,0.0,0.4345312893618372,0.0,0.0,0.10295621191817259,0.013760683298026377,0.0,0.0,1.0
0.0,1.0,0.0,0.8806232721986101,0.125,0.0,0.1192257640041218,0.030253983737435375,0.0,1.0,0.0
0.0,1.0,0.0,0.3717014326242636,0.0,0.0,0.10295621191817259,0.014151056909445578,0.0,0.0,1.0
1.0,0.0,1.0,0.7486805730497055,0.125,0.0,0.03551564936520454,0.14687821137045237,1.0,0.0,0.0
1.0,1.0,1.0,0.20834380510657205,0.0,0.0,0.0006234267183340026,0.014110457793255232,1.0,0.0,0.0
1.0,1.0,1.0,0.15807991971651314,0.0,0.0,0.004392691103832962,0.015126991868717687,0.0,1.0,0.0
1.0,0.0,1.0,0.2963056045391752,0.0,0.0,0.036015229285897433,0.13526459131174856,1.0,0.0,0.0
1.0,0.0,0.0,0.3088715758866899,0.125,0.0,0.0035709159986518765,0.10821498642721314,1.0,0.0,0.0
0.0,1.0,0.0,0.2209097764540868,0.125,0.0,0.9999900019512321,0.012678956652619335,0.0,0.0,1.0
0.0,1.0,0.0,0.23347574780160152,0.0,0.0,0.10425642737465754,0.015712553216570595,0.0,0.0,1.0
0.0,0.0,0.0,0.2711736618441457,0.0,0.0,0.005248330567744037,0.2647385597477818,1.0,0.0,0.0
0.0,1.0,1.0,0.03242020624136586,0.375,0.16666666666666666,0.1126283418881154,0.041135660022477955,0.0,0.0,1.0
1.0,0.0,1.0,0.3465694899292341,0.125,0.0,0.003571561034056257,0.16038671124929443,1.0,0.0,0.0
1.0,1.0,1.0,0.2711736618441457,0.0,0.0,0.9999893569158279,0.014151056909445578,0.0,0.0,1.0
0.0,0.0,0.0,0.3340035185817194,0.0,0.3333333333333333,0.03638322198409665,0.412820487772102,1.0,0.0,0.0
0.0,1.0,0.0,0.24604171914911624,0.0,0.0,0.000630522107782191,0.007831877675869032,1.0,0.0,0.0
0.0,1.0,0.0,0.23347574780160152,0.0,0.0,0.11171239161389472,0.015175788802826114,0.0,0.0,1.0
1.0,0.0,1.0,0.5224930887944403,0.0,0.0,0.03638322198409665,0.44409919130350456,1.0,0.0,0.0
1.0,1.0,1.0,0.007288263546336399,0.0,0.3333333333333333,0.0006321346962931428,0.030725751033297347,1.0,0.0,0.0
0.0,1.0,0.0,0.396833375319293,0.0,0.0,0.13351550566565057,0.015468569476752568,0.0,0.0,1.0
1.0,0.0,1.0,0.4345312893618372,0.125,0.0,0.036475462046923104,0.10149723576429932,0.0,0.0,1.0
0.0,1.0,0.0,0.3283488218882624,0.0,0.0,0.11240838481522156,0.01541157472472606,0.0,0.0,1.0
0.0,0.5,0.0,0.2209097764540868,0.0,0.0,0.07713720386827733,0.143462439013,0.0,0.0,1.0
0.0,1.0,0.0,0.007288263546336399,0.625,0.3333333333333333,0.9999990324468936,0.09154270215804095,0.0,0.0,1.0
1.0,0.5,1.0,0.44709726070935196,0.0,0.0,0.008758290720681933,0.02537430894107483,0.0,0.0,1.0
0.0,1.0,0.0,0.49526680156303293,0.0,0.0,0.11835174103118587,0.01508639275252734,0.0,1.0,0.0
1.0,0.5,1.0,0.20834380510657205,0.0,0.0,0.04187360208733457,0.023422439022530613,1.0,0.0,0.0
1.0,0.0,0.0,0.44709726070935196,0.125,0.3333333333333333,0.03646610903355958,0.2342243902253061,0.0,0.0,1.0
1.0,1.0,0.0,0.258607690496631,0.0,0.0,0.11266865660088919,0.01521638791901646,0.0,0.0,1.0
0.0,1.0,0.0,0.3465694899292341,0.25,0.0,0.9999932271282542,0.015468569476752568,0.0,0.0,1.0
1.0,0.0,1.0,0.28373963319166046,0.125,0.0,0.011152662141743307,0.22109806800141338,1.0,0.0,0.0
1.0,1.0,1.0,0.2963056045391752,0.0,0.3333333333333333,0.09728598685294872,0.032596229128847,0.0,0.0,1.0
0.0,1.0,0.0,0.2711736618441457,0.0,0.0,0.11267446191952862,0.01521638791901646,0.0,0.0,1.0
0.0,1.0,1.0,0.3842674039717783,0.0,0.0,0.1127889557038062,0.015330376492345367,0.0,0.0,1.0
0.0,0.5,0.0,0.5727569741844992,0.0,0.0,0.008936965527695403,0.05074861788214966,0.0,0.0,1.0
0.0,0.5,0.0,0.28373963319166046,0.0,0.0,0.07856047448804347,0.020494634144714287,0.0,0.0,1.0
1.0,0.5,1.0,0.3465694899292341,0.0,0.0,0.0774803627034079,0.02469115372500507,0.0,0.0,1.0
1.0,1.0,0.0,0.48479517475189615,0.0,0.0,0.13351550566565057,0.015468569476752568,0.0,0.0,1.0
0.0,1.0,0.0,0.32143754723420465,0.0,0.0,0.11002143130131056,0.015712553216570595,0.0,0.0,1.0
0.0,1.0,1.0,0.258607690496631,0.125,0.0,0.0011107509663436654,0.019177121577407297,0.0,0.0,1.0
0.0,1.0,0.0,0.3465694899292341,0.125,0.0,0.09728598685294872,0.030937138953505135,0.0,0.0,1.0
0.0,1.0,1.0,0.24604171914911624,0.0,0.0,0.10140053312176174,0.01690807391396857,0.0,0.0,1.0
0.0,0.5,0.0,0.42196531801432247,0.125,0.0,0.00902114264796709,0.040989268289428574,0.0,0.0,1.0
0.0,1.0,0.0,0.6355868309220729,0.0,0.0,0.11171077902538377,0.015126991868717687,0.0,0.0,1.0
1.0,0.5,0.0,0.03242020624136586,0.125,0.16666666666666666,0.00916369547233524,0.03659756097270408,0.0,0.0,1.0
0.0,1.0,0.0,0.258607690496631,0.0,0.0,0.10072195587635317,0.015175788802826114,0.0,0.0,1.0
0.0,1.0,1.0,0.044986177588880585,0.375,0.16666666666666666,0.0011094608955349039,0.049707684874270935,0.0,0.0,1.0
0.0,1.0,0.0,0.3283488218882624,0.0,0.0,0.11240677222671061,0.01541157472472606,0.0,0.0,1.0
0.0,1.0,0.0,0.3088715758866899,0.0,0.0,0.12689362237369806,0.013386509870381256,0.0,1.0,0.0
1.0,0.0,1.0,0.4093993466668078,0.125,0.0,0.0062036280016319395,0.1756682926689796,0.0,1.0,0.0
0.0,0.5,0.0,0.3739861525085673,0.0,0.0,0.07713333365585105,0.0,0.0,0.0,1.0
1.0,1.0,0.0,0.5476250314894697,0.0,0.0,0.13351550566565057,0.015468569476752568,0.0,0.0,1.0
0.0,1.0,1.0,0.2970909777483949,0.0,0.0,0.11043070626539016,0.015712553216570595,0.0,0.0,1.0
1.0,0.5,1.0,0.42196531801432247,0.125,0.16666666666666666,0.008877944788194564,0.06343577235268708,0.0,0.0,1.0
1.0,0.5,1.0,0.2209097764540868,0.0,0.3333333333333333,0.08061620232180496,0.02537430894107483,0.0,0.0,1.0
0.0,0.5,0.0,0.3717014326242636,0.0,0.0,0.008880524929812086,0.02537430894107483,0.0,0.0,1.0
0.0,1.0,1.0,0.12038200567396896,0.0,0.3333333333333333,0.11129440867185598,0.04713765778826357,0.0,0.0,1.0
0.0,1.0,0.0,0.3283488218882624,0.0,0.0,0.1124170927931807,0.01541157472472606,1.0,0.0,0.0
0.0,1.0,0.0,0.258607690496631,0.0,0.0,0.011502674478045415,0.015094396049107447,0.0,1.0,0.0
0.0,1.0,0.0,0.35913546127674884,0.0,0.0,0.10139601787393107,0.015370975608535713,0.0,0.0,1.0
0.0,1.0,1.0,0.3465694899292341,0.125,0.16666666666666666,0.11171593930861881,0.02810692608245745,0.0,0.0,1.0
0.0,1.0,0.0,0.2209097764540868,0.125,0.16666666666666666,0.11914964982640486,0.039452169983995714,0.0,0.0,1.0
0.0,1.0,0.0,0.35094853038222756,0.0,0.0,0.10295621191817259,0.014151056909445578,0.0,0.0,1.0
1.0,0.5,1.0,0.3465694899292341,0.125,0.0,0.00042249818986939646,0.05074861788214966,0.0,0.0,1.0
1.0,0.5,1.0,0.23347574780160152,0.0,0.0,0.08061716987491152,0.05074861788214966,0.0,0.0,1.0
0.0,1.0,0.0,0.49526680156303293,0.0,0.0,0.11744740139424405,0.015126991868717687,0.0,1.0,0.0
1.0,1.0,0.0,0.396833375319293,0.0,0.0,0.13351550566565057,0.015712553216570595,0.0,0.0,1.0
1.0,0.0,0.0,0.3465694899292341,0.0,0.0,0.03543534245735913,0.05182214484819041,0.0,0.0,1.0
1.0,1.0,1.0,0.21462679078032942,0.125,0.0,0.12122505123999995,0.03142510643314119,0.0,0.0,1.0
1.0,0.5,1.0,0.5224930887944403,0.125,0.0,0.0729476989168243,0.05074861788214966,0.0,0.0,1.0
0.0,1.0,0.0,0.20834380510657205,0.0,0.0,0.10295621191817259,0.01390707316962755,0.0,0.0,1.0
0.0,0.0,0.0,0.6230208595745581,0.125,0.0,0.004132741835867516,0.1091095314249389,0.0,0.0,1.0
1.0,0.0,1.0,0.17064589106402786,0.125,0.3333333333333333,0.03646610903355958,0.2342243902253061,0.0,0.0,1.0
0.0,1.0,1.0,0.258607690496631,0.25,0.3333333333333333,0.11171851945023634,0.06709552844995748,0.0,0.0,1.0
1.0,0.5,1.0,0.2963056045391752,0.25,0.5,0.00916369547233524,0.03659756097270408,0.0,0.0,1.0
0.0,0.0,0.0,0.7989444584397644,0.125,0.6666666666666666,0.006210723391080128,0.5133417885771292,0.0,0.0,1.0
0.0,0.5,0.0,0.3842674039717783,0.0,0.0,0.07749386813218712,0.020494634144714287,0.0,0.0,1.0
1.0,0.5,1.0,0.5601910028369845,0.125,0.16666666666666666,0.07855208902778653,0.051236585361785714,0.0,0.0,1.0
0.0,1.0,0.0,0.24604171914911624,0.0,0.0,0.11129311860104724,0.01854276422617007,0.0,0.0,1.0
0.0,1.0,0.0,0.3088715758866899,0.125,0.0,0.11171464923781005,0.015175788802826114,0.0,0.0,1.0
1.0,0.5,1.0,0.3465694899292341,0.0,0.0,0.07409553941891987,0.02537430894107483,0.0,0.0,1.0
1.0,1.0,0.0,0.31888508430424073,0.0,0.0,0.020838836291626958,0.015834545086479607,0.0,0.0,1.0
1.0,0.0,0.0,0.044986177588880585,0.0,0.3333333333333333,0.010625345698662038,0.15977675189974938,0.0,0.0,1.0
1.0,0.5,1.0,0.15807991971651314,0.0,0.16666666666666666,0.08061362218018743,0.03806146341161224,0.0,0.0,1.0
1.0,0.0,0.0,0.42196531801432247,0.0,0.0,0.03647707463543405,0.05182214484819041,0.0,0.0,1.0
1.0,1.0,1.0,0.05755214893639531,0.25,0.16666666666666666,0.0006363274264216178,0.03758969797719848,1.0,0.0,0.0
1.0,0.0,0.0,0.6481528022695876,0.0,0.0,0.03647449449381653,0.05953203251559864,0.0,0.0,1.0
0.0,0.5,0.0,0.44709726070935196,0.125,0.3333333333333333,0.07782040386741729,0.05416439023960204,0.0,0.0,1.0
0.0,1.0,0.0,0.31888508430424073,0.125,0.0,0.020837868738520386,0.038972400322277743,0.0,0.0,1.0
0.0,0.0,0.0,0.3717014326242636,0.0,0.0,0.036237443982706605,0.05416439023960204,1.0,0.0,0.0
1.0,0.0,0.0,0.6104548882270434,0.125,0.0,0.0054053966887107514,0.17391981202768358,1.0,0.0,0.0
0.0,1.0,0.0,0.35094853038222756,0.0,0.0,0.09728598685294872,0.015712553216570595,0.0,0.0,1.0
1.0,1.0,0.0,0.35913546127674884,0.0,0.0,0.11241257754535003,0.01541157472472606,1.0,0.0,0.0
0.0,0.0,0.0,0.811510429787279,0.0,0.0,0.004133386871271897,0.05182214484819041,0.0,0.0,1.0
1.0,0.0,1.0,0.5193515959575616,0.125,0.0,0.005408944383434846,0.10122885216134092,0.0,0.0,1.0
1.0,0.5,1.0,0.6230208595745581,0.0,0.0,0.008873429540363898,0.020494634144714287,0.0,0.0,1.0
0.0,1.0,0.0,0.4125408395036864,0.0,0.0,0.1194499138071441,0.015126991868717687,0.0,1.0,0.0
1.0,0.0,0.0,0.5978889168795287,0.0,0.0,0.006211368426484508,0.05182214484819041,0.0,0.0,1.0
0.0,1.0,0.0,0.42196531801432247,0.0,0.0,0.11733613278698836,0.015712553216570595,0.0,0.0,1.0
0.0,0.0,0.0,0.5853229455320139,0.0,0.0,0.035679165840215056,0.07514699186395238,0.0,0.0,1.0
0.0,0.5,0.0,0.5978889168795287,0.0,0.0,0.0753617439177193,0.02537430894107483,0.0,0.0,1.0
0.0,1.0,0.0,0.35094853038222756,0.0,0.0,0.09728598685294872,0.015712553216570595,0.0,0.0,1.0
0.0,1.0,0.0,0.4722292034043814,0.0,0.0,0.10295621191817259,0.013760683298026377,0.0,0.0,1.0
0.0,0.5,0.0,0.3739861525085673,0.0,0.0,0.07713333365585105,0.0,0.0,0.0,1.0
0.0,0.0,0.0,0.6984166876596465,0.0,0.0,0.036476429600029676,0.05182214484819041,0.0,0.0,1.0
0.0,1.0,0.0,0.44081427503559456,0.0,0.0,0.0114545387109935,0.01507819493460926,0.0,1.0,0.0
1.0,1.0,1.0,0.0041467707094577175,0.25,0.16666666666666666,0.0006363274264216178,0.03758969797719848,1.0,0.0,0.0
0.0,1.0,0.0,0.35094853038222756,0.0,0.0,0.1041406435195712,0.014151056909445578,0.0,0.0,1.0
0.0,1.0,0.0,0.4722292034043814,0.0,0.0,0.1013982754978464,0.01690807391396857,0.0,0.0,1.0
1.0,0.5,1.0,0.4093993466668078,0.125,0.3333333333333333,0.0729476989168243,0.05416439023960204,0.0,0.0,1.0
1.0,0.5,1.0,0.28373963319166046,0.0,0.0,0.03114832965394388,0.026919605064425766,1.0,0.0,0.0
0.0,1.0,1.0,0.2711736618441457,0.0,0.0,0.002212471437026,0.019201519579099456,0.0,0.0,1.0
0.0,0.0,0.0,0.5853229455320139,0.0,0.0,0.035403413204842284,0.10149723576429932,0.0,0.0,1.0
0.0,0.5,0.0,0.42196531801432247,0.125,0.0,0.009783251978242957,0.040989268289428574,0.0,0.0,1.0
0.0,1.0,0.0,0.35913546127674884,0.125,0.0,0.0008924064819607786,0.013752485480108297,0.0,0.0,1.0
0.0,1.0,0.0,0.2711736618441457,0.0,0.0,0.11267704206114615,0.014679623505271978,0.0,0.0,1.0
1.0,1.0,1.0,0.01985423489385113,0.0,0.16666666666666666,1.0,0.02398360236869136,0.0,0.0,1.0
0.0,1.0,0.0,0.10781603432645424,0.625,0.3333333333333333,0.9999990324468936,0.09154270215804095,0.0,0.0,1.0
0.0,0.5,0.0,0.3739861525085673,0.0,0.0,0.07713365617355324,0.0,0.0,0.0,1.0
0.0,1.0,0.0,0.6230208595745581,0.0,0.0,0.13351550566565057,0.015712553216570595,0.0,0.0,1.0
1.0,1.0,1.0,0.7863784870922497,0.0,0.0,0.0011097834132370943,0.018713552099463404,0.0,0.0,1.0
1.0,0.0,0.0,0.3088715758866899,0.125,0.0,0.003636064574494333,0.17777475213849128,1.0,0.0,0.0
0.0,1.0,1.0,0.044986177588880585,0.375,0.16666666666666666,0.0011094608955349039,0.049707684874270935,0.0,0.0,1.0
1.0,0.0,1.0,0.4345312893618372,0.125,0.0,0.006208465767164795,0.1756682926689796,0.0,0.0,1.0
0.0,0.0,0.0,0.723548630354676,0.0,0.0,0.0035728511048650187,0.057970538069921834,1.0,0.0,0.0
0.0,1.0,0.0,0.3717014326242636,0.0,0.0,0.09728598685294872,0.015712553216570595,0.0,0.0,1.0
1.0,1.0,0.0,0.10781603432645424,0.125,0.16666666666666666,0.09728598685294872,0.031034730960273777,0.0,0.0,1.0
0.0,1.0,0.0,0.31888508430424073,0.125,0.0,0.020838191256222577,0.038972400322277743,0.0,0.0,1.0
0.0,1.0,0.0,0.258607690496631,0.0,0.0,0.10295621191817259,0.014151056909445578,0.0,0.0,1.0
0.0,0.0,0.0,0.6858507163121318,0.0,0.0,0.03647481701151872,0.05953203251559864,0.0,0.0,1.0
0.0,0.0,0.0,0.8869062578723674,0.0,0.0,0.03647304316415667,0.09662575878585686,1.0,0.0,0.0
0.0,1.0,0.0,0.258607690496631,0.0,0.0,0.09728598685294872,0.015712553216570595,0.0,0.0,1.0
0.0,1.0,0.0,0.2447851172208271,0.0,0.0,0.0006237492360361929,0.028220720134448384,1.0,0.0,0.0
1.0,0.0,1.0,0.6732847449646171,0.125,0.0,0.01169255677521,0.15276641880714348,1.0,0.0,0.0
0.0,1.0,0.0,0.31888508430424073,0.0,0.0,0.09728598685294872,0.02947323651459697,0.0,0.0,1.0
0.0,0.0,1.0,0.3088715758866899,0.125,0.3333333333333333,0.03647288190530558,0.29580589211201047,0.0,0.0,1.0
0.0,1.0,0.0,0.2963056045391752,0.0,0.0,0.11266897911859139,0.01521638791901646,0.0,0.0,1.0
0.0,1.0,0.0,0.20834380510657205,0.0,0.0,0.10139730794473983,0.01690807391396857,0.0,0.0,1.0
0.0,1.0,1.0,0.258607690496631,0.0,0.0,0.11744578880573309,0.015126991868717687,0.0,1.0,0.0
0.0,1.0,1.0,0.1832118624115426,0.0,0.0,0.1065005055464982,0.01489120594681774,0.0,1.0,0.0
0.0,1.0,1.0,0.45966323205686666,0.0,0.0,0.0011101059309392845,0.018713552099463404,0.0,0.0,1.0
1.0,0.0,1.0,0.19577783375905733,0.0,0.0,0.0353024651640567,0.16883674795407483,0.0,0.0,1.0
0.0,0.0,0.0,0.2209097764540868,0.125,0.0,0.004222401757076441,0.21255863710778244,1.0,0.0,0.0
1.0,0.5,1.0,0.4093993466668078,0.0,0.3333333333333333,0.008278061862120458,0.05074861788214966,0.0,0.0,1.0
1.0,0.0,0.0,0.3465694899292341,0.0,0.0,0.03571367523434943,0.05182214484819041,0.0,0.0,1.0
0.0,1.0,0.0,0.3465694899292341,0.0,0.0,0.09728598685294872,0.04396586917062922,0.0,0.0,1.0
1.0,1.0,0.0,0.32143754723420465,0.0,0.0,0.0002928460735888641,0.11027245257983022,0.0,0.0,1.0
1.0,1.0,0.0,0.35913546127674884,0.0,0.0,0.12318821649323279,0.015126991868717687,0.0,1.0,0.0
0.0,1.0,0.0,0.35094853038222756,0.0,0.0,0.09728598685294872,0.015712553216570595,0.0,0.0,1.0
1.0,0.0,0.0,0.44709726070935196,0.0,0.0,0.020598318715218483,0.051309781228310404,0.0,0.0,1.0
1.0,0.0,1.0,0.6732847449646171,0.125,0.0,0.0038028062265267584,0.11594107613984367,1.0,0.0,0.0
0.0,1.0,0.0,0.2963056045391752,0.0,0.0,0.11240257949658214,0.014630826571163552,0.0,0.0,1.0
0.0,0.0,0.0,0.5853229455320139,0.0,0.0,0.011699007129253808,0.06640417913886607,0.0,0.0,1.0
1.0,0.5,1.0,0.42196531801432247,0.0,0.0,0.008873429540363898,0.020494634144714287,0.0,0.0,1.0
0.0,1.0,0.0,0.2963056045391752,0.0,0.0,0.11946603969225363,0.04713765778826357,0.0,1.0,0.0
1.0,0.5,1.0,0.44709726070935196,0.125,0.0,0.0729476989168243,0.05074861788214966,0.0,0.0,1.0
0.0,1.0,0.0,0.396833375319293,0.0,0.0,0.11241322258075441,0.01541157472472606,0.0,0.0,1.0
1.0,0.0,1.0,0.3717014326242636,0.0,0.0,0.003888273417607209,0.18249983738388434,0.0,0.0,1.0
0.0,1.0,0.0,0.2711736618441457,0.0,0.0,0.11241644775777632,0.01541157472472606,0.0,0.0,1.0
0.0,1.0,0.0,0.35094853038222756,0.0,0.0,0.0006227816829296218,0.014102259975337152,1.0,0.0,0.0
1.0,0.0,1.0,0.5476250314894697,0.0,0.16666666666666666,0.03569238906600486,0.11316785336720196,1.0,0.0,0.0
0.0,1.0,0.0,0.35094853038222756,0.0,0.0,0.0006472930282960906,0.014110457793255232,1.0,0.0,0.0
0.0,1.0,0.0,0.5036441317731682,0.0,0.0,0.11821531604315934,0.015126991868717687,0.0,1.0,0.0
1.0,0.5,1.0,0.6230208595745581,0.0,0.0,0.008873429540363898,0.020494634144714287,0.0,0.0,1.0
0.0,0.0,0.0,0.4722292034043814,0.0,0.0,0.007568522917301624,0.4328841594271719,0.0,0.0,1.0
0.0,1.0,0.0,0.48479517475189615,0.0,0.0,0.9999993549645957,0.015468569476752568,0.0,0.0,1.0
0.0,0.5,0.0,0.28373963319166046,0.25,0.16666666666666666,0.009163050436930859,0.0224465040632585,0.0,0.0,1.0
1.0,0.5,1.0,0.01985423489385113,0.125,0.16666666666666666,0.008278061862120458,0.05074861788214966,0.0,0.0,1.0
0.0,1.0,0.0,0.35094853038222756,0.0,0.0,0.0006282644838668583,0.014110457793255232,1.0,0.0,0.0
0.0,1.0,0.0,0.20834380510657205,0.125,0.16666666666666666,0.0006440678512741868,0.014110457793255232,1.0,0.0,0.0
1.0,1.0,1.0,0.18350805510317886,0.0,0.3333333333333333,0.0006369724618259985,0.04364049174636842,1.0,0.0,0.0
0.0,1.0,1.0,0.3717014326242636,0.0,0.0,0.10139666290933545,0.01690807391396857,0.0,0.0,1.0
1.0,0.5,1.0,0.08268409163142477,0.0,0.3333333333333333,0.07999890343981257,0.051236585361785714,0.0,0.0,1.0
0.0,0.0,0.0,0.5601910028369845,0.0,0.0,0.036237121465004414,0.05182214484819041,0.0,0.0,1.0
1.0,0.0,1.0,0.3717014326242636,0.0,0.0,0.005629039678201052,0.20772776203770263,1.0,0.0,0.0
0.0,1.0,0.0,0.4423850214540339,0.0,0.0,0.11733355264537083,0.028302113818891157,0.0,0.0,1.0
1.0,0.0,1.0,0.2711736618441457,0.0,0.3333333333333333,0.004152415415701129,0.09661756096793878,1.0,0.0,0.0
1.0,0.0,1.0,0.44709726070935196,0.0,0.3333333333333333,0.004152415415701129,0.13858276421663945,0.0,0.0,1.0
0.0,1.0,1.0,0.10781603432645424,0.5,0.3333333333333333,0.11171658434402319,0.061044730957891126,0.0,0.0,1.0
0.0,1.0,1.0,0.13294797702148367,0.5,0.3333333333333333,0.11171658434402319,0.061044730957891126,0.0,0.0,1.0
1.0,0.5,0.0,0.396833375319293,0.125,0.0,0.0007143767103516894,0.05074861788214966,0.0,0.0,1.0
0.0,0.0,0.0,0.6230208595745581,0.125,0.0,0.005629039678201052,0.20772776203770263,1.0,0.0,0.0
0.0,0.0,0.0,0.7989444584397644,0.0,0.0,0.0,0.05074861788214966,0.0,0.0,1.0
1.0,0.5,1.0,0.23347574780160152,0.125,0.0,0.0007143767103516894,0.05074861788214966,0.0,0.0,1.0
1.0,0.5,0.0,0.28373963319166046,0.0,0.0,0.03114832965394388,0.027057797118108858,1.0,0.0,0.0
0.0,1.0,0.0,0.4093993466668078,0.125,0.16666666666666666,0.11694427377882705,0.04006212933354078,0.0,0.0,1.0
1.0,0.5,0.0,0.09525006297893951,0.125,0.16666666666666666,0.07399942914366714,0.0717312195065,0.0,0.0,1.0
1.0,0.0,0.0,0.20834380510657205,0.0,0.3333333333333333,0.00539507612224066,0.21642977926381243,1.0,0.0,0.0
0.0,0.5,0.0,0.3340035185817194,0.0,0.0,0.07858627590421871,0.05074861788214966,0.0,0.0,1.0
0.0,1.0,0.0,0.44081427503559456,0.0,0.0,0.10652308178565152,0.015281579558236941,0.0,1.0,0.0
1.0,1.0,0.0,0.2711736618441457,0.0,0.0,0.0006214916121208604,0.014102259975337152,1.0,0.0,0.0
1.0,1.0,1.0,0.2711736618441457,0.0,0.0,0.11171755189712977,0.015175788802826114,0.0,0.0,1.0
0.0,0.0,0.0,0.7738125157447349,0.0,0.0,0.03648126736556253,0.05182214484819041,0.0,0.0,1.0
1.0,0.0,1.0,0.5978889168795287,0.125,0.0,0.0035676908216299725,0.07729404579603388,1.0,0.0,0.0
0.0,0.0,0.0,0.4722292034043814,0.0,0.0,0.03638322198409665,0.44409919130350456,1.0,0.0,0.0
1.0,0.0,1.0,0.48479517475189615,0.125,0.16666666666666666,0.03538664228432838,0.15546644199036408,0.0,0.0,1.0
1.0,1.0,1.0,0.44709726070935196,0.125,0.0,0.11122958261371572,0.033962535838090106,0.0,0.0,1.0
0.0,1.0,0.0,0.4125408395036864,0.0,0.0,0.11995368645796547,0.015126991868717687,0.0,1.0,0.0
0.0,1.0,0.0,0.49736114609941084,0.0,0.0,0.11241612524007413,0.01541157472472606,0.0,0.0,1.0
0.0,0.5,0.0,0.3465694899292341,0.0,0.0,0.07028821794456244,0.026350243900346938,0.0,0.0,1.0
0.0,1.0,0.0,0.35094853038222756,0.0,0.0,0.09728598685294872,0.015712553216570595,0.0,0.0,1.0
0.0,1.0,1.0,0.2970909777483949,0.0,0.0,0.09728598685294872,0.015712553216570595,0.0,0.0,1.0
0.0,1.0,0.0,0.2963056045391752,0.25,0.0,0.0011094608955349039,0.04713765778826357,0.0,0.0,1.0
0.0,1.0,0.0,0.23347574780160152,0.0,0.0,0.11240128942577338,0.01541157472472606,0.0,0.0,1.0
0.0,1.0,1.0,0.35913546127674884,0.0,0.6666666666666666,0.1126283418881154,0.041135660022477955,0.0,0.0,1.0
0.0,1.0,0.0,0.35094853038222756,0.0,0.0,0.0006427777804654253,0.014110457793255232,1.0,0.0,0.0
1.0,1.0,0.0,0.396833375319293,0.0,0.0,0.11279218088082811,0.015330376492345367,0.0,0.0,1.0
1.0,0.5,0.0,0.7738125157447349,0.0,0.0,0.008873429540363898,0.020494634144714287,0.0,0.0,1.0
1.0,0.0,1.0,0.6607187736171023,0.25,0.0,0.003572206069460638,0.10048069889666454,0.0,0.0,1.0
1.0,0.0,0.0,0.44709726070935196,0.0,0.0,0.020598318715218483,0.05150496896474411,0.0,0.0,1.0
1.0,1.0,1.0,0.15807991971651314,0.0,0.0,0.004392368586130771,0.015126991868717687,0.0,1.0,0.0
0.0,1.0,0.0,0.19577783375905733,0.0,0.0,0.09728598685294872,0.015712553216570595,0.0,0.0,1.0
0.0,1.0,0.0,0.23347574780160152,0.0,0.0,0.11542650547231913,0.028302113818891157,0.0,0.0,1.0
1.0,0.5,1.0,0.42196531801432247,0.0,0.0,0.0784321124425717,0.02537430894107483,0.0,0.0,1.0
1.0,0.0,1.0,0.48479517475189615,0.125,0.0,0.004132741835867516,0.1091095314249389,0.0,0.0,1.0
0.0,1.0,1.0,0.15807991971651314,0.125,0.0,0.0006437453335719965,0.028220720134448384,1.0,0.0,0.0
1.0,1.0,0.0,0.396833375319293,0.0,0.0,0.13351550566565057,0.015468569476752568,0.0,0.0,1.0
1.0,0.5,1.0,0.3088715758866899,0.125,0.16666666666666666,0.07646765711853011,0.05855609755632653,0.0,0.0,1.0
1.0,0.0,1.0,0.48479517475189615,0.125,0.16666666666666666,0.00539507612224066,0.21642977926381243,1.0,0.0,0.0
0.0,0.5,0.0,0.6732847449646171,0.0,0.0,0.008936965527695403,0.05074861788214966,0.0,0.0,1.0
0.0,0.0,0.0,0.44709726070935196,0.0,0.0,0.003985028728264323,0.07831878048158673,1.0,0.0,0.0
0.0,1.0,0.0,0.2447851172208271,0.0,0.0,0.0008766031145534501,0.017005665920737212,1.0,0.0,0.0
1.0,0.0,1.0,0.2209097764540868,0.0,0.3333333333333333,0.03538664228432838,0.15546644199036408,0.0,0.0,1.0
0.0,0.5,0.0,0.5853229455320139,0.0,0.0,0.07639541315323946,0.029278048778163264,0.0,0.0,1.0
1.0,0.0,0.0,0.7486805730497055,0.125,0.16666666666666666,0.004152092897998939,0.15458809159206777,1.0,0.0,0.0
0.0,1.0,0.0,0.2711736618441457,0.0,0.0,0.004605552787278612,0.015712553216570595,0.0,0.0,1.0
0.0,1.0,0.0,0.35094853038222756,0.0,0.0,0.09728598685294872,0.015712553216570595,0.0,0.0,1.0
0.0,1.0,0.0,0.4345312893618372,0.0,0.0,0.10295621191817259,0.01390707316962755,0.0,0.0,1.0
1.0,0.0,1.0,0.6481528022695876,0.125,0.0,0.01169255677521,0.15276641880714348,1.0,0.0,0.0
0.0,1.0,0.0,0.5853229455320139,0.0,0.0,0.10295621191817259,0.014151056909445578,0.0,0.0,1.0
0.0,1.0,1.0,0.5224930887944403,0.0,0.3333333333333333,0.11744643384113747,0.015126991868717687,0.0,1.0,0.0
0.0,0.5,0.0,0.45966323205686666,0.125,0.0,0.07782040386741729,0.05074861788214966,0.0,0.0,1.0
0.0,1.0,0.0,0.44709726070935196,0.125,0.16666666666666666,0.11129440867185598,0.04713765778826357,0.0,0.0,1.0
1.0,0.5,1.0,0.17064589106402786,0.0,0.0,0.07999535574508847,0.06441170731195918,0.0,0.0,1.0
0.0,1.0,0.0,0.6104548882270434,0.0,0.0,0.11116249893166012,0.0,0.0,0.0,1.0
0.0,1.0,0.0,0.35094853038222756,0.0,0.0,0.000635682391017237,0.014102259975337152,1.0,0.0,0.0
1.0,0.0,0.0,0.6104548882270434,0.125,0.0,0.0038028062265267584,0.1111183914418891,1.0,0.0,0.0
1.0,0.5,1.0,0.2963056045391752,0.25,0.16666666666666666,0.07842146935839941,0.052700487800693877,0.0,0.0,1.0
0.0,1.0,0.0,0.3283488218882624,0.0,0.0,0.11240419208509309,0.01541157472472606,0.0,0.0,1.0
0.0,0.0,0.0,0.8869062578723674,0.0,0.0,0.03647771967083843,0.08275928752459197,0.0,0.0,1.0
0.0,1.0,0.0,0.5476250314894697,0.0,0.0,0.11733774537549932,0.015712553216570595,0.0,0.0,1.0
1.0,0.0,0.0,0.4345312893618372,0.0,0.0,0.03571335271664724,0.05182214484819041,1.0,0.0,0.0
0.0,1.0,0.0,0.44709726070935196,0.125,0.0,0.11262866440581759,0.030351577605652227,0.0,0.0,1.0
0.0,1.0,0.0,0.3717014326242636,0.0,0.0,0.11241451265156317,0.01541157472472606,0.0,0.0,1.0
1.0,0.0,0.0,0.3340035185817194,0.0,0.0,0.03648029981245596,0.05953203251559864,0.0,0.0,1.0
1.0,0.5,1.0,0.2711736618441457,0.125,0.3333333333333333,0.07900318378725013,0.08115719117055249,1.0,0.0,0.0
1.0,0.0,1.0,0.49736114609941084,0.0,0.0,0.03647288190530558,0.29953882546132343,0.0,0.0,1.0
0.0,1.0,1.0,0.48479517475189615,0.125,0.8333333333333333,0.11171658434402319,0.061044730957891126,0.0,0.0,1.0
0.0,1.0,0.0,0.35094853038222756,0.0,0.0,0.10295621191817259,0.013760683298026377,0.0,0.0,1.0
1.0,1.0,1.0,0.19577783375905733,0.125,0.0,0.11821467100775496,0.030253983737435375,0.0,1.0,0.0
0.0,1.0,0.0,0.4125408395036864,0.0,0.0,0.11922963421654807,0.015126991868717687,0.0,1.0,0.0
0.0,1.0,0.0,0.4345312893618372,0.0,0.0,0.1173380678932015,0.015712553216570595,0.0,0.0,1.0
1.0,0.5,1.0,0.2963056045391752,0.125,0.3333333333333333,0.07100291717261632,0.12687154470537415,0.0,0.0,1.0
0.0,1.0,0.0,0.42196531801432247,0.125,0.16666666666666666,0.11171593930861881,0.02810692608245745,0.0,0.0,1.0
0.0,1.0,1.0,0.32143754723420465,0.125,0.0,0.09728598685294872,0.03142510643314119,0.0,0.0,1.0
1.0,0.5,1.0,0.044986177588880585,0.25,0.16666666666666666,0.07399942914366714,0.07612292682322448,0.0,0.0,1.0
0.0,0.5,0.0,0.32143754723420465,0.0,0.0,0.009783574495945148,0.020494634144714287,0.0,0.0,1.0
0.0,1.0,0.0,0.3340035185817194,0.125,0.0,0.0006340698025062851,0.028212717768592382,1.0,0.0,0.0
1.0,0.0,0.0,0.5224930887944403,0.125,0.0,0.003567045786225592,0.10257896054825814,0.0,0.0,1.0
1.0,1.0,0.0,0.24604171914911624,0.125,0.16666666666666666,0.0006321346962931428,0.030725751033297347,1.0,0.0,0.0
0.0,1.0,0.0,0.258607690496631,0.0,0.0,0.11266704401237825,0.015330376492345367,0.0,0.0,1.0
0.0,1.0,0.0,0.258607690496631,0.0,0.0,0.017397572409255612,0.03142510643314119,0.0,0.0,1.0
0.0,0.0,0.0,0.7612465443972202,0.0,0.0,0.011697717058445047,0.06308599878818233,0.0,0.0,1.0
0.0,0.5,0.0,0.7109826590071613,0.0,0.0,0.07057977394734255,0.024105594238600373,0.0,1.0,0.0
1.0,0.0,1.0,0.258607690496631,0.0,0.0,0.004131129247356564,0.1521644562391098,0.0,0.0,1.0
0.0,1.0,0.0,0.32143754723420465,0.0,0.0,0.11240741726211499,0.01541157472472606,0.0,0.0,1.0
0.0,1.0,0.0,0.44081427503559456,0.0,0.0,0.10779154390836629,0.015094396049107447,0.0,1.0,0.0
1.0,0.0,0.0,1.0,0.0,0.0,0.008498018935014296,0.05855609755632653,0.0,0.0,1.0
0.0,1.0,0.0,0.6355868309220729,0.0,0.0,0.11192976854517103,0.013768881115944457,0.0,0.0,1.0
1.0,0.0,0.0,0.396833375319293,0.0,0.0,0.004038244149125735,0.05953203251559864,1.0,0.0,0.0
0.0,0.0,0.0,0.4910781604256535,0.0,0.0,0.03591524879821841,0.0,0.0,0.0,1.0
0.0,1.0,1.0,0.10781603432645424,0.375,0.3333333333333333,0.11171851945023634,0.054457169982804386,0.0,0.0,1.0
1.0,0.5,1.0,0.3465694899292341,0.0,0.0,0.07642863247656508,0.02537430894107483,0.0,0.0,1.0
0.0,1.0,0.0,0.396833375319293,0.0,0.0,0.13351550566565057,0.015468569476752568,0.0,0.0,1.0
0.0,0.5,0.0,0.3842674039717783,0.125,0.16666666666666666,0.0007143767103516894,0.051236585361785714,0.0,0.0,1.0
0.0,1.0,1.0,0.5099271174469255,0.0,0.8333333333333333,0.9999990324468936,0.07746483739222364,0.0,0.0,1.0
0.0,1.0,0.0,0.2963056045391752,0.125,0.0,0.12122505123999995,0.03142510643314119,0.0,0.0,1.0
0.0,1.0,0.0,0.24604171914911624,0.0,0.0,0.11267381688412424,0.015330376492345367,0.0,0.0,1.0
1.0,0.0,1.0,0.2963056045391752,0.0,0.0,0.036015229285897433,0.13526459131174856,1.0,0.0,0.0
0.0,1.0,1.0,0.01985423489385113,0.375,0.3333333333333333,0.11171851945023634,0.054457169982804386,0.0,0.0,1.0
1.0,1.0,0.0,0.3821730834030886,0.0,0.0,0.0002928460735888641,0.11027245257983022,0.0,0.0,1.0
1.0,1.0,1.0,0.0041467707094577175,0.25,0.16666666666666666,0.0006363274264216178,0.03758969797719848,1.0,0.0,0.0
1.0,0.0,0.0,0.5978889168795287,0.125,0.0,0.0035863968483570144,0.14976542178569888,1.0,0.0,0.0
0.0,1.0,0.0,0.23347574780160152,0.0,0.0,0.11240967488603032,0.01541157472472606,0.0,0.0,1.0
1.0,0.0,0.0,0.6984166876596465,0.0,0.0,0.004037921631423544,0.06929138210831973,1.0,0.0,0.0
0.0,1.0,0.0,0.35094853038222756,0.0,0.0,0.09728598685294872,0.014736618257298485,0.0,0.0,1.0
1.0,1.0,1.0,0.28373963319166046,0.0,0.0,0.09728598685294872,0.014736618257298485,0.0,0.0,1.0
0.0,1.0,0.0,0.3283488218882624,0.0,0.0,0.11240644970900841,0.01541157472472606,0.0,0.0,1.0
1.0,0.5,1.0,0.2209097764540868,0.0,0.16666666666666666,0.07457447820667258,0.044893008126517,0.0,0.0,1.0
0.0,1.0,0.0,0.258607690496631,0.0,0.0,0.0025098327584455295,0.016460704619798757,0.0,0.0,1.0
1.0,1.0,1.0,0.1832118624115426,0.0,0.0,0.1065037307235201,0.015281579558236941,0.0,1.0,0.0
0.0,1.0,1.0,0.2209097764540868,0.0,0.0,0.11756834553256543,0.013175121950173469,0.0,1.0,0.0
0.0,0.5,0.0,0.2963056045391752,0.25,0.0,0.07100291717261632,0.143462439013,0.0,0.0,1.0
0.0,1.0,0.0,0.3283488218882624,0.0,0.0,0.1124070947444128,0.01541157472472606,0.0,0.0,1.0
0.0,1.0,1.0,0.396833375319293,0.125,0.16666666666666666,0.11744675635883967,0.030253983737435375,0.0,1.0,0.0
0.0,0.5,0.0,0.28373963319166046,0.0,0.0,0.009371719390248034,0.02537430894107483,0.0,0.0,1.0
0.0,0.0,0.0,0.723548630354676,0.0,0.3333333333333333,0.011152662141743307,0.22109806800141338,1.0,0.0,0.0
1.0,0.0,0.0,0.6230208595745581,0.25,0.0,0.03646610903355958,0.2608674027001661,0.0,0.0,1.0
0.0,1.0,0.0,0.49736114609941084,0.0,0.0,0.0006224591652274315,0.014102259975337152,1.0,0.0,0.0
0.0,0.0,0.0,0.5853229455320139,0.0,0.0,0.001623554112826368,0.04994347079617088,0.0,0.0,1.0
0.0,1.0,0.0,0.44709726070935196,0.0,0.0,0.11240290201428432,0.014630826571163552,0.0,0.0,1.0
1.0,1.0,0.0,0.24604171914911624,0.125,0.0,0.09728598685294872,0.015468569476752568,0.0,0.0,1.0
0.0,0.5,0.0,0.396833375319293,0.25,0.0,0.0007143767103516894,0.143462439013,0.0,0.0,1.0
0.0,0.5,0.0,0.3088715758866899,0.0,0.0,0.07546688468863336,0.02537430894107483,0.0,0.0,1.0
0.0,1.0,0.0,0.35094853038222756,0.0,0.0,0.10072227839405537,0.015175788802826114,0.0,0.0,1.0
0.0,1.0,0.0,0.535059060141955,0.0,0.0,0.13351550566565057,0.015712553216570595,0.0,0.0,1.0
1.0,0.0,1.0,0.5193515959575616,0.125,0.0,0.006225559205380885,0.10149723576429932,0.0,0.0,1.0
1.0,0.5,1.0,0.49736114609941084,0.125,0.16666666666666666,0.009371396872545843,0.07612292682322448,0.0,0.0,1.0
0.0,0.0,0.0,0.3842674039717783,0.125,0.0,0.0364779346826399,0.10149723576429932,0.0,0.0,1.0
0.0,0.5,0.0,0.8743402865248527,0.0,0.0,0.008873429540363898,0.020494634144714287,0.0,0.0,1.0
1.0,0.5,0.0,0.3842674039717783,0.0,0.0,0.07855789434642595,0.02537430894107483,0.0,0.0,1.0
0.0,0.5,0.0,0.3739861525085673,0.0,0.0,0.07713430120895762,0.0,0.0,0.0,1.0
0.0,1.0,0.0,0.2209097764540868,0.0,0.0,0.11262930944122197,0.015175788802826114,0.0,0.0,1.0
0.0,1.0,0.0,0.30258859021293255,0.0,0.0,0.11034394900350095,0.015712553216570595,0.0,0.0,1.0
1.0,1.0,1.0,0.2209097764540868,0.0,0.0,0.0011110734840458557,0.019209717397017538,0.0,0.0,1.0
0.0,1.0,1.0,0.535059060141955,0.125,1.0,0.11171658434402319,0.09154270215804095,0.0,0.0,1.0
1.0,0.0,0.0,0.44709726070935196,0.0,0.16666666666666666,0.03638322198409665,1.0,1.0,0.0,0.0
0.0,1.0,1.0,0.1832118624115426,0.0,0.0,0.10650889100675515,0.015883341089863928,0.0,1.0,0.0
1.0,0.0,0.0,0.3340035185817194,0.0,0.0,0.0035863968483570144,0.14976542178569888,1.0,0.0,0.0
0.0,1.0,0.0,0.24604171914911624,0.0,0.0,0.001893178911857525,0.018006000743149692,0.0,0.0,1.0
0.0,1.0,0.0,0.17064589106402786,0.625,0.3333333333333333,0.9999990324468936,0.09154270215804095,0.0,0.0,1.0
0.0,0.5,0.0,0.7486805730497055,0.125,0.16666666666666666,0.009371396872545843,0.07612292682322448,0.0,0.0,1.0
0.0,0.5,0.0,0.3088715758866899,0.125,0.3333333333333333,0.076316718833905,0.08115719117055249,1.0,0.0,0.0
0.0,1.0,0.0,0.17064589106402786,0.5,0.16666666666666666,0.9999990324468936,0.07746483739222364,0.0,0.0,1.0
0.0,1.0,0.0,0.23347574780160152,0.0,0.0,0.11240870733292375,0.019852078975558976,0.0,0.0,1.0
0.0,1.0,0.0,0.2209097764540868,0.0,0.0,0.11266930163629357,0.01521638791901646,0.0,0.0,1.0
1.0,0.0,1.0,0.1832118624115426,0.0,0.16666666666666666,0.007568522917301624,0.41250329699707006,0.0,0.0,1.0
1.0,0.0,0.0,0.3842674039717783,0.125,0.0,0.005412169560456749,0.1112565853570204,0.0,0.0,1.0
1.0,1.0,1.0,0.044986177588880585,0.0,0.16666666666666666,0.11241773782858508,0.026187653844971685,1.0,0.0,0.0
1.0,1.0,0.0,0.3821730834030886,0.0,0.0,0.0002928460735888641,0.11027245257983022,0.0,0.0,1.0
0.0,1.0,0.0,0.3088715758866899,0.0,0.0,0.00063826253263476,0.014102259975337152,1.0,0.0,0.0
0.0,0.0,0.0,0.7486805730497055,0.0,0.0,0.036479009741647195,0.05182214484819041,0.0,0.0,1.0
0.0,0.5,0.0,0.6481528022695876,0.0,0.0,0.07999664581589723,0.026350243900346938,0.0,0.0,1.0
0.0,1.0,0.0,0.5476250314894697,0.0,0.0,0.11704135160718636,0.015712553216570595,0.0,0.0,1.0
1.0,1.0,1.0,0.19577783375905733,0.0,0.0,0.011339399891311535,0.015094396049107447,0.0,1.0,0.0
0.0,0.0,0.0,0.6104548882270434,0.125,0.16666666666666666,0.00539507612224066,0.21642977926381243,1.0,0.0,0.0
0.0,1.0,0.0,0.5224930887944403,0.0,0.0,0.112051680236599,0.014931805063008086,0.0,0.0,1.0
1.0,0.0,1.0,0.2209097764540868,0.125,0.0,0.03638322198409665,0.44409919130350456,1.0,0.0,0.0
1.0,0.0,0.0,0.4345312893618372,0.0,0.0,0.020598318715218483,0.051309781228310404,0.0,0.0,1.0
0.0,1.0,1.0,0.2209097764540868,0.0,0.16666666666666666,0.0006443903689763772,0.028212717768592382,1.0,0.0,0.0
0.0,1.0,0.0,0.3088715758866899,0.0,0.0,0.0116657878059282,0.015110791684943605,0.0,1.0,0.0
0.0,1.0,0.0,0.32143754723420465,0.125,0.0,0.11266575394156948,0.015330376492345367,0.0,0.0,1.0
0.0,0.5,0.0,0.48479517475189615,0.0,0.0,0.08061716987491152,0.05074861788214966,0.0,0.0,1.0
1.0,0.5,1.0,0.5601910028369845,0.0,0.0,0.07189016337134206,0.026350243900346938,0.0,0.0,1.0
1.0,0.0,0.0,0.5224930887944403,0.0,0.0,0.03589079120580231,0.051309781228310404,0.0,0.0,1.0
1.0,0.0,1.0,0.2711736618441457,0.0,0.0,0.03647288190530558,0.29580589211201047,0.0,0.0,1.0
1.0,1.0,0.0,0.07247423991156907,0.125,0.16666666666666666,0.0006347148379106659,0.029757818439881237,1.0,0.0,0.0
1.0,0.0,1.0,0.2963056045391752,0.0,0.0,0.036015229285897433,0.09662575878585686,1.0,0.0,0.0
0.0,0.0,0.0,0.580610706276696,0.0,0.0,0.036230026075556226,0.05182214484819041,0.0,0.0,1.0
1.0,0.0,0.0,0.5978889168795287,0.125,0.0,0.006225559205380885,0.10149723576429932,0.0,0.0,1.0
0.0,1.0,0.0,0.35913546127674884,0.0,0.0,0.002209891295408477,0.018510168406559828,0.0,0.0,1.0
0.0,0.5,0.0,0.6481528022695876,0.0,0.0,0.080614589733294,0.02537430894107483,0.0,0.0,1.0
0.0,1.0,0.0,0.23347574780160152,0.0,0.0,0.11205264778970557,0.014931805063008086,0.0,0.0,1.0
1.0,0.0,1.0,0.4722292034043814,0.0,0.0,0.03638322198409665,0.44409919130350456,1.0,0.0,0.0
1.0,0.5,1.0,0.3340035185817194,0.0,0.0,0.010812405965932456,0.020494634144714287,0.0,0.0,1.0
0.0,1.0,0.0,0.31888508430424073,0.0,0.0,0.011570322566079847,0.030253983737435375,0.0,1.0,0.0
0.0,1.0,0.0,0.4093993466668078,0.0,0.0,0.1117101339899794,0.015175788802826114,0.0,0.0,1.0
1.0,0.5,1.0,0.07011812028391005,0.0,0.16666666666666666,0.07999535574508847,0.06441170731195918,0.0,0.0,1.0
0.0,1.0,0.0,0.20834380510657205,0.125,0.0,0.11267317184871986,0.013768881115944457,0.0,0.0,1.0
0.0,0.5,0.0,0.42196531801432247,0.0,0.0,0.0037218542832769736,0.02537430894107483,0.0,0.0,1.0
0.0,0.5,0.0,0.6230208595745581,0.0,0.0,0.08061329966248523,0.02537430894107483,0.0,0.0,1.0
1.0,0.0,0.0,0.3340035185817194,0.125,0.0,0.03648094484786034,0.10364428969638081,0.0,0.0,1.0
0.0,1.0,0.0,0.24604171914911624,0.0,0.0,0.10139988808635736,0.01690807391396857,0.0,0.0,1.0
1.0,0.5,1.0,0.3717014326242636,0.375,0.0,0.009783251978242957,0.040989268289428574,0.0,0.0,1.0
1.0,1.0,1.0,0.19577783375905733,0.0,0.0,0.011666432841332581,0.015102593867025525,0.0,1.0,0.0
0.0,0.5,0.0,0.3088715758866899,0.125,0.0,0.07616578054927992,0.05074861788214966,0.0,0.0,1.0
0.0,1.0,1.0,0.3088715758866899,0.125,0.0,0.09728598685294872,0.015468569476752568,0.0,0.0,1.0
1.0,0.0,1.0,0.35913546127674884,0.0,0.0,0.007568522917301624,0.41250329699707006,0.0,0.0,1.0
0.0,1.0,0.0,0.13294797702148367,0.0,0.0,0.0006469705105939002,0.036670756839228776,1.0,0.0,0.0
0.0,0.5,0.0,0.3739861525085673,0.0,0.0,0.07713397869125543,0.0,0.0,0.0,1.0
0.0,0.5,0.0,0.28373963319166046,0.0,0.0,0.00894406091714359,0.02537430894107483,0.0,0.0,1.0
0.0,0.5,0.0,0.28373963319166046,0.0,0.0,0.07512920865444003,0.02537430894107483,0.0,0.0,1.0
0.0,1.0,0.0,0.3528524756029915,0.0,0.0,0.017397572409255612,0.03142510643314119,0.0,0.0,1.0
0.0,1.0,1.0,0.5978889168795287,0.125,0.5,0.13351550566565057,0.06709552844995748,0.0,0.0,1.0
1.0,0.0,0.0,0.4345312893618372,0.0,0.0,0.03638322198409665,1.0,1.0,0.0,0.0
0.0,1.0,0.0,0.3283488218882624,0.0,0.0,0.11239999935496461,0.01541157472472606,0.0,0.0,1.0
0.0,1.0,0.0,0.3283488218882624,0.0,0.0,0.11240548215590185,0.01541157472472606,0.0,0.0,1.0
1.0,0.0,0.0,0.7109826590071613,0.0,0.0,0.005255425957192226,0.05855609755632653,0.0,0.0,1.0
0.0,0.0,0.0,0.44709726070935196,0.125,0.0,0.0061871795988202305,0.15390494009889444,0.0,0.0,1.0
1.0,0.0,1.0,0.258607690496631,0.25,0.3333333333333333,0.03638322198409665,0.5121218698780391,1.0,0.0,0.0
0.0,1.0,0.0,0.2963056045391752,0.125,0.0,0.12122569627540433,0.03142510643314119,0.0,0.0,1.0
1.0,1.0,0.0,0.3842674039717783,0.0,0.0,0.09728598685294872,0.015468569476752568,0.0,0.0,1.0
0.0,0.0,0.0,0.8743402865248527,0.125,0.16666666666666666,0.036385157090309796,0.13858276421663945,0.0,0.0,1.0
0.0,1.0,0.0,0.19577783375905733,0.125,0.16666666666666666,0.09728598685294872,0.039525365850520404,0.0,0.0,1.0
1.0,0.5,1.0,0.3717014326242636,0.0,0.0,0.08061491225099619,0.02537430894107483,0.0,0.0,1.0
0.0,0.0,0.0,0.23347574780160152,0.125,0.0,0.036470301763688054,0.10364428969638081,0.0,0.0,1.0
0.0,1.0,0.0,0.3842674039717783,0.0,0.0,0.1078512096832715,0.015126991868717687,0.0,1.0,0.0
1.0,0.5,1.0,0.044986177588880585,0.125,0.16666666666666666,0.009162727919228668,0.044893008126517,0.0,0.0,1.0
1.0,1.0,0.0,0.07011812028391005,0.0,0.16666666666666666,0.12623439619042093,0.0243495779784184,0.0,0.0,1.0
0.0,1.0,0.0,0.4093993466668078,0.0,0.0,0.11129666629577133,0.01854276422617007,0.0,0.0,1.0
0.0,1.0,0.0,0.28373963319166046,0.0,0.0,0.11240096690807118,0.01541157472472606,0.0,0.0,1.0
1.0,0.5,1.0,0.5978889168795287,0.125,0.3333333333333333,0.07100291717261632,0.12687154470537415,0.0,0.0,1.0
1.0,0.5,0.0,0.0031414932113738112,0.125,0.16666666666666666,0.08061523476869838,0.028302113818891157,0.0,0.0,1.0
0.0,1.0,0.0,0.3465694899292341,0.0,0.0,0.11267123674250672,0.01521638791901646,0.0,0.0,1.0
0.0,0.5,0.0,0.2209097764540868,0.0,0.0,0.00916434050773962,0.0224465040632585,0.0,0.0,1.0
0.0,1.0,0.0,0.42196531801432247,0.0,0.0,0.11694524133193362,0.015712553216570595,0.0,0.0,1.0
1.0,0.0,1.0,0.4093993466668078,0.0,0.0,0.0353024651640567,0.16883674795407483,0.0,0.0,1.0
0.0,1.0,0.0,0.23347574780160152,0.0,0.0,0.11542650547231913,0.028302113818891157,0.0,0.0,1.0
0.0,1.0,0.0,0.5099271174469255,0.0,0.0,0.10295621191817259,0.01390707316962755,0.0,0.0,1.0
1.0,1.0,0.0,0.24604171914911624,0.0,0.0,0.0006353598733150466,0.014110457793255232,1.0,0.0,0.0
1.0,0.0,1.0,0.44709726070935196,0.125,0.3333333333333333,0.03646610903355958,0.2342243902253061,0.0,0.0,1.0
0.0,1.0,0.0,0.19577783375905733,0.0,0.0,0.11171400420240567,0.015175788802826114,0.0,0.0,1.0
1.0,0.0,1.0,0.6355868309220729,0.125,0.0,0.004131129247356564,0.1521644562391098,0.0,0.0,1.0
0.0,0.0,0.0,0.19577783375905733,0.0,0.0,0.03602071208683467,0.07729404579603388,1.0,0.0,0.0
0.0,1.0,1.0,0.37798441829802093,0.0,0.0,0.11744707887654185,0.015126991868717687,0.0,1.0,0.0
0.0,1.0,0.0,0.2963056045391752,0.125,0.0,0.11946603969225363,0.04713765778826357,0.0,1.0,0.0
0.0,1.0,0.0,0.396833375319293,0.0,0.0,0.002508542687636768,0.016322512566115662,0.0,0.0,1.0
0.0,1.0,0.0,0.2963056045391752,0.0,0.0,0.11129698881347351,0.01854276422617007,0.0,0.0,1.0
0.0,1.0,0.0,0.5978889168795287,0.0,0.0,0.11267284933101768,0.015330376492345367,0.0,0.0,1.0
0.0,0.5,1.0,0.7109826590071613,0.0,0.0,0.008873429540363898,0.020494634144714287,0.0,0.0,1.0
0.0,1.0,0.0,0.35094853038222756,0.0,0.0,0.0006389075680391408,0.014102259975337152,1.0,0.0,0.0
1.0,0.5,1.0,0.6732847449646171,0.125,0.5,0.00916337295463305,0.044893008126517,0.0,0.0,1.0
0.0,1.0,0.0,0.2209097764540868,0.0,0.0,0.11171529427321443,0.015126991868717687,0.0,0.0,1.0
0.0,1.0,0.0,0.4125408395036864,0.0,0.0,0.12333979981326226,0.015126991868717687,0.0,1.0,0.0
1.0,1.0,1.0,0.05755214893639531,0.0,0.0,0.11733935796401027,0.0243495779784184,0.0,0.0,1.0
0.0,1.0,0.0,0.44081427503559456,0.0,0.0,0.01166611032363039,0.015102593867025525,0.0,1.0,0.0
1.0,0.0,1.0,0.535059060141955,0.0,0.16666666666666666,0.007568522917301624,0.41250329699707006,0.0,0.0,1.0
1.0,1.0,1.0,0.15807991971651314,0.0,0.0,0.0006431002981676157,0.014110457793255232,1.0,0.0,0.0
1.0,0.0,1.0,0.20834380510657205,0.125,0.0,0.005412169560456749,0.1112565853570204,0.0,0.0,1.0
0.0,0.0,0.0,0.35913546127674884,0.0,0.0,0.03638257694869227,0.05855609755632653,0.0,0.0,1.0
0.0,1.0,0.0,0.18350805510317886,0.125,0.3333333333333333,0.09728598685294872,0.04577135107902047,0.0,0.0,1.0
0.0,1.0,0.0,0.3088715758866899,0.0,0.0,0.10295621191817259,0.013760683298026377,0.0,0.0,1.0
0.0,1.0,0.0,0.3088715758866899,0.0,0.0,0.12068418905342669,0.014151056909445578,0.0,0.0,1.0
1.0,1.0,1.0,0.2209097764540868,0.0,0.0,0.9999893569158279,0.014630826571163552,0.0,0.0,1.0
0.0,1.0,0.0,0.09525006297893951,0.5,0.16666666666666666,0.12318853901093497,0.056848211377600336,0.0,1.0,0.0
1.0,1.0,0.0,0.007288263546336399,0.125,0.3333333333333333,1.0,0.040159725063205844,0.0,0.0,1.0
0.0,0.0,0.0,0.5727569741844992,0.0,0.0,0.004152092897998939,0.15458809159206777,1.0,0.0,0.0
0.0,1.0,0.0,0.44081427503559456,0.0,0.0,0.0037950658016741895,0.015126991868717687,0.0,1.0,0.0
0.0,0.5,0.0,0.19577783375905733,0.0,0.0,0.07713720386827733,0.05074861788214966,0.0,0.0,1.0
0.0,1.0,1.0,0.19577783375905733,1.0,0.3333333333333333,0.9999990324468936,0.13575255879138462,0.0,0.0,1.0
0.0,0.0,0.0,0.45966323205686666,0.0,0.0,0.020598318715218483,0.05991421017054797,1.0,0.0,0.0
0.0,1.0,0.0,0.3088715758866899,0.0,0.0,0.112400644390369,0.01541157472472606,0.0,0.0,1.0
0.0,0.5,0.0,0.48479517475189615,0.0,0.0,0.008875687164279231,0.02537430894107483,0.0,0.0,1.0
1.0,0.0,1.0,0.6104548882270434,0.0,0.0,0.005409266901137036,0.050610423967018356,0.0,0.0,1.0
1.0,1.0,1.0,0.3842674039717783,0.0,0.0,0.11241386761615879,0.01694867209943481,0.0,0.0,1.0
0.0,1.0,0.0,0.3717014326242636,0.0,0.0,0.0006424552627632349,0.014110457793255232,1.0,0.0,0.0
0.0,1.0,1.0,0.3717014326242636,0.125,0.16666666666666666,0.11129440867185598,0.04713765778826357,0.0,0.0,1.0
0.0,0.5,0.0,0.42196531801432247,0.0,0.0,0.080614589733294,0.02537430894107483,0.0,0.0,1.0
1.0,0.5,1.0,0.3842674039717783,0.125,0.16666666666666666,0.0007143767103516894,0.051236585361785714,0.0,0.0,1.0
1.0,0.0,0.0,0.13294797702148367,0.125,0.3333333333333333,0.03646610903355958,0.2342243902253061,0.0,0.0,1.0
1.0,1.0,0.0,0.0,0.0,0.16666666666666666,0.0006231042006318122,0.01662349012723609,1.0,0.0,0.0
1.0,1.0,0.0,0.3340035185817194,0.0,0.0,0.11171884196793853,0.013614292495701097,0.0,0.0,1.0
0.0,1.0,0.0,0.3842674039717783,0.0,0.0,0.11171045650768158,0.015175788802826114,0.0,0.0,1.0
0.0,0.0,0.0,0.48479517475189615,0.0,0.0,0.03591460376281403,0.0,0.0,0.0,1.0
0.0,1.0,1.0,0.2209097764540868,0.0,0.0,0.11171819693253415,0.015175788802826114,0.0,0.0,1.0
0.0,0.5,0.0,0.48479517475189615,0.0,0.0,0.0799940656742797,0.02537430894107483,0.0,0.0,1.0
1.0,0.0,1.0,0.4093993466668078,0.125,0.0,0.03648094484786034,0.10364428969638081,0.0,0.0,1.0
0.0,1.0,0.0,0.32143754723420465,0.0,0.0,0.0008969217297914439,0.015395373610227874,0.0,0.0,1.0
0.0,1.0,0.0,0.48479517475189615,0.0,0.0,0.13351550566565057,0.04713765778826357,0.0,0.0,1.0
0.0,0.5,0.0,0.4345312893618372,0.0,0.0,0.008873429540363898,0.020494634144714287,0.0,0.0,1.0
0.0,1.0,1.0,0.07011812028391005,0.5,0.3333333333333333,0.11171658434402319,0.061044730957891126,0.0,0.0,1.0
0.0,1.0,0.0,0.37798441829802093,0.0,0.0,0.11733387516307303,0.015712553216570595,0.0,0.0,1.0
0.0,0.0,0.0,0.4910781604256535,0.0,0.0,0.035917183904431556,0.0,0.0,0.0,1.0
0.0,1.0,1.0,0.28373963319166046,0.0,0.0,0.09728598685294872,0.015468569476752568,0.0,0.0,1.0
0.0,0.5,0.0,0.3842674039717783,0.125,0.16666666666666666,0.0007143767103516894,0.07222738480405413,1.0,0.0,0.0
0.0,1.0,0.0,0.535059060141955,0.0,0.0,0.0006418102273588542,0.012589560602320561,0.0,0.0,1.0
0.0,1.0,0.0,0.12038200567396896,0.375,0.3333333333333333,0.11171851945023634,0.054457169982804386,0.0,0.0,1.0
1.0,0.0,1.0,0.6481528022695876,0.125,0.16666666666666666,0.003888273417607209,0.18249983738388434,0.0,0.0,1.0
1.0,1.0,0.0,0.3340035185817194,0.0,0.0,0.10140117815716612,0.01690807391396857,0.0,0.0,1.0
0.0,0.0,0.0,0.4722292034043814,0.0,0.0,0.006217818780528316,0.0,0.0,0.0,1.0
1.0,1.0,1.0,0.3340035185817194,0.0,0.16666666666666666,0.12623439619042093,0.0243495779784184,0.0,0.0,1.0
0.0,1.0,0.0,0.01985423489385113,0.5,0.16666666666666666,0.9999990324468936,0.07746483739222364,0.0,0.0,1.0
0.0,1.0,0.0,0.23347574780160152,0.0,0.0,0.11856718285624904,0.01356549556159267,0.0,1.0,0.0
0.0,1.0,0.0,0.3821730834030886,0.0,0.0,0.0002928460735888641,0.11027245257983022,0.0,0.0,1.0
1.0,0.5,0.0,0.007288263546336399,0.0,0.3333333333333333,0.07999535574508847,0.07222738480405413,1.0,0.0,0.0
1.0,1.0,0.0,0.49526680156303293,0.0,0.0,0.11821402597235058,0.015126991868717687,0.0,1.0,0.0
1.0,0.0,1.0,0.7738125157447349,0.0,0.0,0.036405475705547787,0.1561495934835374,0.0,0.0,1.0
1.0,1.0,1.0,0.1832118624115426,0.125,0.0,0.0006340698025062851,0.028212717768592382,1.0,0.0,0.0
1.0,0.5,0.0,0.005152048207541624,0.125,0.16666666666666666,0.00916369547233524,0.03659756097270408,0.0,0.0,1.0
0.0,1.0,0.0,0.35094853038222756,0.0,0.0,0.0006379400149325696,0.014110457793255232,1.0,0.0,0.0
0.0,1.0,0.0,0.28373963319166046,0.0,0.0,0.11184107617706868,0.015330376492345367,0.0,0.0,1.0
0.0,1.0,0.0,0.2209097764540868,0.0,0.0,0.0004934520843512799,0.016200520696206647,0.0,0.0,1.0
1.0,0.0,1.0,0.48479517475189615,0.125,0.16666666666666666,0.003571561034056257,0.1623141887504911,1.0,0.0,0.0
0.0,1.0,0.0,0.258607690496631,0.0,0.0,0.10140085563946392,0.01690807391396857,0.0,0.0,1.0
0.0,1.0,0.0,0.4125408395036864,0.0,0.0,0.12623310611961217,0.015712553216570595,0.0,0.0,1.0
1.0,1.0,0.0,0.396833375319293,0.0,0.0,0.0002928460735888641,0.11027245257983022,0.0,0.0,1.0
1.0,0.0,0.0,0.7109826590071613,0.0,0.0,0.00357381865797159,0.057970538069921834,1.0,0.0,0.0
0.0,1.0,0.0,0.24604171914911624,0.0,0.0,0.09728598685294872,0.015468569476752568,0.0,0.0,1.0
0.0,0.5,0.0,0.19577783375905733,0.0,0.0,0.04187360208733457,0.020494634144714287,0.0,0.0,1.0
1.0,0.0,1.0,0.3717014326242636,0.0,0.0,0.03647836470624281,0.06050796747487075,1.0,0.0,0.0
0.0,1.0,0.0,0.42824830368807987,0.0,0.0,0.0006418102273588542,0.0125651626006284,1.0,0.0,0.0
0.0,1.0,0.0,0.20834380510657205,0.0,0.0,0.1013985980155486,0.01690807391396857,0.0,0.0,1.0
0.0,1.0,0.0,0.5224930887944403,0.0,0.0,0.13351550566565057,0.014736618257298485,0.0,0.0,1.0
0.0,1.0,0.0,0.10467454148957556,1.0,0.3333333333333333,0.9999990324468936,0.13575255879138462,0.0,0.0,1.0
0.0,1.0,0.0,0.4345312893618372,0.0,0.0,0.1124038695673909,0.01541157472472606,1.0,0.0,0.0
0.0,0.5,0.0,0.3465694899292341,0.0,0.16666666666666666,0.07999535574508847,0.06441170731195918,0.0,0.0,1.0
1.0,0.0,1.0,0.6104548882270434,0.125,0.0,0.0054053966887107514,0.17391981202768358,1.0,0.0,0.0
0.0,1.0,0.0,0.044986177588880585,0.5,0.3333333333333333,0.11171658434402319,0.061044730957891126,0.0,0.0,1.0
0.0,1.0,0.0,0.9246041719149116,0.0,0.0,0.11170948895457501,0.015175788802826114,0.0,0.0,1.0
0.0,1.0,1.0,0.10781603432645424,0.125,0.16666666666666666,0.0006401976388479023,0.029757818439881237,1.0,0.0,0.0
1.0,0.0,1.0,0.19577783375905733,0.0,0.16666666666666666,0.036015229285897433,0.07690367776895932,0.0,0.0,1.0
0.0,0.5,1.0,0.5476250314894697,0.125,0.0,0.07855208902778653,0.05074861788214966,0.0,0.0,1.0
1.0,1.0,1.0,0.2209097764540868,0.0,0.16666666666666666,0.12623278360190995,0.018249984482967718,0.0,0.0,1.0
1.0,0.0,1.0,0.5601910028369845,0.125,0.16666666666666666,0.011686428938868383,0.3217983507747556,0.0,0.0,1.0
1.0,0.0,0.0,0.6355868309220729,0.0,0.0,0.03623873405351537,0.05182214484819041,0.0,0.0,1.0
1.0,1.0,1.0,0.2963056045391752,0.0,0.5,0.0006363274264216178,0.03758969797719848,1.0,0.0,0.0
0.0,1.0,0.0,0.35094853038222756,0.0,0.0,0.0006243942714405737,0.014110457793255232,1.0,0.0,0.0
0.0,1.0,0.0,0.5099271174469255,0.25,0.0,0.11266607645927167,0.027537566779826834,0.0,0.0,1.0
0.0,0.5,0.0,0.258607690496631,0.125,0.0,0.008850208265806191,0.0224465040632585,0.0,0.0,1.0
1.0,0.0,1.0,0.5978889168795287,0.0,0.0,0.0054095894188392266,0.050610423967018356,0.0,0.0,1.0
0.0,1.0,1.0,0.19577783375905733,1.0,0.3333333333333333,0.9999990324468936,0.13575255879138462,0.0,0.0,1.0
0.0,0.5,0.0,0.2963056045391752,0.0,0.0,0.07520242017283725,0.02537430894107483,0.0,0.0,1.0
1.0,0.5,1.0,0.5224930887944403,0.0,0.0,0.07616545803157772,0.02537430894107483,0.0,0.0,1.0
1.0,0.5,1.0,0.3340035185817194,0.125,0.0,0.0035396317815394097,0.02704959930019078,1.0,0.0,0.0
0.0,0.0,0.0,0.3842674039717783,0.0,0.0,0.03639603054426936,0.09856123306856492,0.0,0.0,1.0
0.0,1.0,0.0,0.31888508430424073,0.0,0.0,0.11129569874266475,0.01854276422617007,0.0,0.0,1.0
1.0,1.0,0.0,0.044986177588880585,0.125,0.16666666666666666,0.11192944602746885,0.0217307530275785,0.0,0.0,1.0
0.0,1.0,0.0,0.32143754723420465,0.0,0.0,0.11241515768696755,0.01541157472472606,0.0,0.0,1.0
1.0,0.0,1.0,0.5853229455320139,0.125,0.16666666666666666,0.003566400750821211,0.10257896054825814,0.0,0.0,1.0
0.0,0.0,0.0,0.4093993466668078,0.0,0.0,6.45035404380753e-07,0.009759349592721088,0.0,0.0,1.0
0.0,1.0,0.0,0.5853229455320139,0.0,0.0,0.11129182853023847,0.017566829266897958,0.0,0.0,1.0
1.0,0.5,1.0,0.3465694899292341,0.125,0.0,0.0035396317815394097,0.046844878045061225,1.0,0.0,0.0
1.0,1.0,1.0,0.1832118624115426,0.0,0.0,0.0006366499441238081,0.014102259975337152,1.0,0.0,0.0
0.0,1.0,0.0,0.24604171914911624,0.0,0.0,0.002206343600684383,0.019217721624321747,0.0,0.0,1.0
0.0,1.0,0.0,0.23347574780160152,0.0,0.0,0.1124035470496887,0.01541157472472606,0.0,0.0,1.0
0.0,1.0,0.0,0.3283488218882624,0.0,0.0,0.11240515963819965,0.01541157472472606,0.0,0.0,1.0
1.0,0.0,1.0,0.6984166876596465,0.0,0.16666666666666666,0.003571561034056257,0.1623141887504911,1.0,0.0,0.0
1.0,0.5,1.0,0.3088715758866899,0.0,0.16666666666666666,0.07409521690121768,0.05074861788214966,0.0,0.0,1.0
0.0,1.0,0.0,0.4093993466668078,0.0,0.0,0.11241806034628728,0.01541157472472606,0.0,0.0,1.0
0.0,1.0,1.0,0.2711736618441457,0.0,0.0,0.0022121489193238095,0.020527229964324527,0.0,0.0,1.0
0.0,0.5,0.0,0.3465694899292341,0.0,0.0,0.0640798166809381,0.020494634144714287,0.0,0.0,1.0
0.0,1.0,0.0,0.3088715758866899,0.0,0.0,0.10295621191817259,0.013760683298026377,0.0,0.0,1.0
0.0,1.0,1.0,0.48479517475189615,0.0,0.8333333333333333,0.12318853901093497,0.056848211377600336,0.0,1.0,0.0
0.0,0.5,0.0,0.3340035185817194,0.0,0.0,0.06800059988292609,0.02537430894107483,0.0,0.0,1.0
1.0,0.0,1.0,0.23347574780160152,0.0,0.0,0.0359155713159206,0.05855609755632653,0.0,0.0,1.0
0.0,1.0,1.0,0.18350805510317886,0.125,0.3333333333333333,0.09728598685294872,0.04577135107902047,0.0,0.0,1.0
1.0,0.0,0.0,0.32143754723420465,0.0,0.0,0.035694969207622385,0.05855609755632653,1.0,0.0,0.0
0.0,1.0,0.0,0.396833375319293,0.0,0.0,0.11922931169884589,0.015126991868717687,0.0,1.0,0.0
